SAMPLE_ID,other_HRR_gene_mutation_somatic,cnv_DUP_len_30000_inf,cnv_DUP_len_30_100,cnv_DEL_len_100000_inf,cnv_DIPLOID_len_100000_inf,sv_n_trans,sv_n_del,sv_n_inv,sv_n_tadem_dup,sv_dup_30000+,sv_del_100000+,sv_microhom_deletion_mean,sv_microhom_inversion_mean,sv_microhom_tandem-duplication_mean,sv_microhom_translocation_mean,indel_n_del,indel_n_ins,indel_insdel_ratio,indel_DEL_len_1,indel_DEL_len_2,indel_DEL_len_3,indel_DEL_len_4,indel_DEL_len_inf,indel_INS_len_1,indel_INS_len_2,indel_INS_len_3,indel_INS_len_4,indel_INS_len_inf,indel_DEL_mh,indel_DEL_noMHstatus,indel_DEL_rep,indel_ratio,Telomeric_AI,Interstitial_AI,Telomeric_LOH,Interstitial_LOH,LST_count,LOH_count,MSI,cnv_DEL_0_3500_sum_indel_DEL_len_inf,indel_INS_len_inf_sum_cnv_DUP_0_30000,indel_INS_len_inf_sum_cnv_DUP_0_1000,FBI_relaxed,percent_all_cc2ca,percent_all_cc2ct,cc2ca_vs_cc2ct,SBS31,ccne1_amp,resistant_ccne1_over_6,BRCA1/2_mut,cnv_DUP_len_0_30000,cnv_DEL_len_0_100000,cnv_DIPLOID_len_0_100000,sv_dup_0_30000,sv_del_0_100000
Sample_0002,0,56,0,33,108,40,4,10,4,3,2,0.0,0.9,0.5,0.125,123,130,1.05691056910569,48,16,7,6,46,67,6,2,2,53,27,33,58,1.05691056910569,16,109,8,58,0,5,0.0,46,65,53,0,37.2,94.04,2.53,0.0,0,0,0,12,12,6,1,2
Sample_0003,0,329,0,14,44,46,25,80,23,23,15,0.56,0.65,1.47826086956522,0.5,355,270,0.76056338028169,162,42,20,17,114,190,13,5,7,55,90,81,180,0.76056338028169,21,294,12,67,10,6,0.24,115,78,56,25,32.34,65.96,2.04,0.56,1,1,0,23,4,10,0,10
Sample_0004,1,353,0,18,91,114,144,58,146,30,28,1.47222222222222,1.08620689655172,1.16438356164384,1.20175438596491,1264,183,0.144778481012658,258,57,35,26,888,121,13,5,5,39,779,191,252,0.144778481012658,34,373,18,138,39,20,0.4,891,68,40,7,61.72,42.15,0.68,0.47,0,0,0,29,20,27,116,116
Sample_0005,0,66,0,3,37,18,3,1,10,10,2,0.0,0.0,0.6,0.277777777777778,445,327,0.734831460674157,189,51,29,19,157,233,20,7,2,65,126,104,211,0.734831460674157,11,49,4,15,0,1,0.45,157,70,65,0,31.98,142.56,4.46,0.01,0,0,0,5,0,4,0,1
Sample_0006,0,17,0,25,40,15,12,2,0,0,5,0.5,0.0,0.0,0.2,202,231,1.14356435643564,78,27,7,11,79,172,16,1,1,41,57,34,105,1.14356435643564,13,42,9,23,3,4,0.02,79,47,41,0,53.66,97.24,1.81,0.43,0,0,0,6,6,7,0,7
Sample_0007,1,352,0,22,84,102,97,43,41,35,44,1.39175257731959,1.04651162790698,1.02439024390244,0.823529411764706,634,445,0.701892744479495,252,79,42,24,237,246,23,4,5,167,179,124,321,0.701892744479495,33,369,13,126,11,6,0.31,237,205,167,13,37.93,66.81,1.76,0.6,1,1,0,38,6,13,6,53
Sample_0008,0,113,0,70,110,88,105,31,122,43,23,1.19047619047619,1.51612903225806,1.32786885245902,0.931818181818182,616,122,0.198051948051948,130,35,19,26,406,80,4,1,5,32,327,116,143,0.198051948051948,35,180,24,98,42,32,0.0,406,40,32,2,42.15,37.13,0.88,0.88,0,0,1,8,5,3,79,82
Sample_0009,0,113,0,75,125,124,55,47,185,82,17,0.636363636363636,0.553191489361702,1.03243243243243,0.758064516129032,766,314,0.409921671018277,211,36,25,14,480,182,21,5,4,102,370,145,227,0.409921671018277,38,214,27,131,28,28,0.03,482,117,102,1,68.43,53.85,0.79,0.68,0,0,1,15,23,14,103,38
Sample_0010,0,162,0,40,147,40,26,27,18,18,18,0.807692307692308,0.814814814814815,1.05555555555556,0.15,193,276,1.4300518134715,77,33,10,9,64,203,16,3,1,53,46,31,115,1.4300518134715,13,209,4,84,1,2,0.01,65,62,53,1,43.93,97.45,2.22,0.0,0,0,0,9,44,6,0,8
Sample_0011,0,581,0,3,32,117,42,55,287,279,23,1.21428571428571,0.872727272727273,2.03135888501742,0.401709401709402,442,449,1.0158371040724,254,44,15,19,110,312,33,10,10,84,77,104,252,1.0158371040724,25,411,11,87,13,8,0.29,110,109,84,15,59.57,47.15,0.79,0.56,1,1,0,25,4,1,8,19
Sample_0012,0,129,0,69,120,88,189,66,72,63,24,1.41269841269841,0.909090909090909,0.930555555555556,0.545454545454545,1058,178,0.168241965973535,195,50,23,18,772,98,10,4,5,61,670,142,201,0.168241965973535,37,210,26,111,37,24,0.02,772,66,61,9,51.51,44.07,0.86,0.56,0,0,0,5,19,9,9,165
Sample_0013,1,128,0,88,144,97,78,43,152,75,27,1.02564102564103,1.23255813953488,1.10526315789474,0.597938144329897,1010,372,0.368316831683168,227,48,20,39,676,270,23,9,8,62,562,192,211,0.368316831683168,35,251,26,152,19,12,0.36,676,70,62,0,40.9,70.89,1.73,0.38,0,0,1,8,22,25,77,51
Sample_0014,0,313,0,26,100,93,120,98,167,140,58,1.025,0.683673469387755,1.04191616766467,0.387096774193548,727,630,0.866574965612105,272,78,39,42,296,449,24,10,11,136,230,147,331,0.866574965612105,34,337,21,168,16,19,0.11,296,152,137,25,51.37,60.58,1.18,0.29,1,0,0,16,16,4,27,62
Sample_0015,1,301,0,33,113,33,125,46,47,25,24,0.84,0.673913043478261,1.02127659574468,0.575757575757576,310,191,0.616129032258064,79,27,10,11,183,119,9,3,0,60,153,46,100,0.616129032258064,34,308,18,132,18,6,0.0,184,81,62,11,58.0,45.01,0.78,0.69,0,0,0,21,16,7,22,101
Sample_0016,0,115,0,102,119,98,76,43,123,48,23,1.30263157894737,1.16279069767442,1.17073170731707,0.408163265306123,1117,300,0.26857654431513,241,39,28,26,783,191,22,8,7,72,650,162,254,0.26857654431513,36,235,27,148,27,35,0.02,784,82,72,5,59.04,43.26,0.73,0.34,0,0,1,10,21,8,75,53
Sample_0017,0,283,0,38,106,104,137,64,44,30,62,0.802919708029197,1.171875,0.954545454545455,0.269230769230769,506,355,0.701581027667984,216,61,26,22,181,188,20,4,4,139,139,124,227,0.701581027667984,35,345,20,222,9,17,1.16,183,167,139,3,32.85,83.88,2.55,0.41,0,0,0,28,33,20,14,75
Sample_0018,1,303,0,24,81,144,68,64,34,31,31,0.970588235294118,1.125,1.05882352941176,0.451388888888889,517,259,0.500967117988395,190,86,32,48,161,138,10,3,6,102,142,113,256,0.500967117988395,35,338,17,140,6,15,1.88,161,126,103,15,30.29,72.34,2.39,0.75,1,0,0,24,17,12,3,37
Sample_0019,0,385,0,30,82,186,77,93,209,39,39,1.14285714285714,1.13978494623656,0.956937799043062,0.967741935483871,719,203,0.282336578581363,205,43,24,16,431,137,12,3,2,49,380,125,203,0.282336578581363,39,429,25,206,35,22,0.28,431,91,50,16,53.82,40.27,0.75,0.51,1,1,0,42,12,18,170,38
Sample_0020,0,71,0,86,99,99,234,38,47,39,24,1.74786324786325,1.26315789473684,1.51063829787234,1.2020202020202,1541,245,0.158987670343932,267,61,27,27,1159,161,14,5,7,58,1027,159,274,0.158987670343932,30,174,24,127,36,28,0.27,1159,60,59,0,49.55,49.69,1.0,0.37,0,0,1,2,36,10,8,210
Sample_0021,0,436,0,33,129,161,223,41,153,69,54,1.56502242152466,1.07317073170732,1.50980392156863,0.677018633540373,1282,390,0.304212168486739,307,57,28,37,853,293,20,7,10,60,720,188,295,0.304212168486739,32,378,19,223,33,14,0.0,853,91,63,14,59.54,46.02,0.77,0.0,0,0,0,31,17,13,84,169
Sample_0022,1,341,0,2,6,78,81,34,21,15,17,1.03703703703704,0.470588235294118,1.85714285714286,0.564102564102564,1079,299,0.27710843373494,187,64,37,35,756,149,18,2,4,126,616,139,238,0.27710843373494,40,285,27,135,25,23,0.53,756,140,126,2,60.68,37.77,0.62,0.33,1,0,1,14,14,2,6,64
Sample_0023,0,296,0,11,67,116,108,62,147,51,29,1.15740740740741,0.919354838709677,1.36054421768708,0.706896551724138,1107,271,0.244805781391147,240,76,23,39,729,141,19,8,5,98,604,210,252,0.244805781391147,37,300,23,132,30,26,0.29,729,129,100,15,59.28,40.03,0.68,0.57,1,0,0,31,10,11,96,79
Sample_0024,0,205,0,11,54,91,87,37,99,25,15,1.74712643678161,0.756756756756757,1.03030303030303,0.538461538461538,850,198,0.232941176470588,162,34,29,23,602,116,10,3,7,62,494,145,179,0.232941176470588,32,194,22,63,26,20,0.01,602,69,63,7,55.43,38.27,0.69,0.33,0,0,1,7,8,9,74,72
Sample_0025,0,70,0,41,90,39,26,34,12,8,9,1.69230769230769,0.852941176470588,1.58333333333333,0.153846153846154,186,167,0.897849462365591,70,23,11,8,74,107,10,3,2,45,44,34,101,0.897849462365591,24,128,15,75,7,15,0.01,74,57,45,15,33.5,75.09,2.24,0.78,0,0,0,12,25,8,4,17
Sample_0026,0,211,0,22,87,59,20,29,73,60,7,0.25,0.379310344827586,0.89041095890411,0.338983050847458,253,277,1.09486166007905,101,41,11,13,87,173,9,1,3,91,58,59,126,1.09486166007905,21,243,11,109,5,9,0.07,88,102,91,6,30.05,85.74,2.85,0.4,0,0,0,11,26,19,13,13
Sample_0027,0,286,0,27,71,153,137,134,93,78,63,1.15328467153285,0.776119402985075,0.731182795698925,0.450980392156863,485,280,0.577319587628866,233,61,23,9,159,179,15,2,9,75,132,118,225,0.577319587628866,35,310,18,130,15,23,0.04,162,97,77,39,42.94,54.23,1.26,0.33,1,0,0,22,10,4,15,74
Sample_0028,1,226,0,32,75,85,115,27,222,117,35,0.973913043478261,1.11111111111111,0.923423423423423,0.658823529411765,785,353,0.44968152866242,176,44,17,27,521,251,19,5,3,75,429,120,209,0.44968152866242,33,226,19,113,32,20,0.39,521,84,75,1,48.8,59.64,1.22,0.37,1,0,1,9,5,3,105,80
Sample_0029,0,32,0,3,58,48,1,6,0,0,0,0.0,0.0,0.0,0.0,213,141,0.661971830985915,85,33,15,10,70,67,6,1,1,66,56,42,113,0.661971830985915,4,34,2,9,0,1,0.0,70,71,66,0,40.43,58.67,1.45,0.98,0,0,0,5,5,2,0,1
Sample_0031,0,454,0,35,112,163,70,129,166,160,33,0.728571428571429,0.472868217054264,1.07228915662651,0.43558282208589,975,571,0.585641025641026,523,98,51,32,271,378,35,10,13,135,232,179,541,0.585641025641026,33,479,19,181,7,15,0.47,271,154,136,43,34.7,71.41,2.06,0.32,1,1,0,19,5,6,6,37
Sample_0032,0,427,0,8,30,124,40,68,14,10,21,0.95,0.882352941176471,0.928571428571429,0.266129032258065,251,243,0.968127490039841,90,36,10,12,103,117,13,2,2,109,81,55,110,0.968127490039841,29,313,15,113,12,12,0.01,105,131,109,23,36.07,82.3,2.28,0.43,1,1,0,22,18,6,4,19
Sample_0033,0,46,0,5,71,28,4,2,1,1,2,0.25,0.0,0.0,0.0714285714285714,362,168,0.464088397790055,214,38,11,15,84,103,4,2,2,57,62,75,219,0.464088397790055,11,49,3,17,0,3,0.01,84,61,57,0,48.37,86.46,1.79,0.56,0,0,0,4,7,2,0,2
Sample_0034,0,156,0,64,150,129,76,96,186,128,27,2.11842105263158,0.833333333333333,1.16666666666667,0.503875968992248,675,165,0.244444444444444,164,36,18,27,430,94,10,3,6,52,364,109,191,0.244444444444444,27,265,20,135,19,12,0.01,430,69,54,2,55.63,36.89,0.66,0.9,1,0,1,17,15,17,58,49
Sample_0035,0,208,0,62,127,77,81,31,15,13,7,1.23456790123457,0.548387096774194,1.06666666666667,0.61038961038961,632,183,0.289556962025316,117,39,19,22,435,77,6,1,5,94,376,103,125,0.289556962025316,34,260,22,103,27,22,0.0,435,117,95,3,44.28,38.85,0.88,0.3,1,0,1,23,20,6,2,74
Sample_0036,0,137,0,23,126,93,61,78,90,66,35,1.63934426229508,0.858974358974359,1.15555555555556,0.172043010752688,351,408,1.16239316239316,160,51,18,24,98,308,27,4,4,65,84,66,193,1.16239316239316,19,164,9,52,10,10,0.0,98,75,66,6,24.43,83.31,3.41,0.86,1,0,1,10,12,8,24,26
Sample_0037,0,148,0,17,76,90,154,63,36,26,26,1.22077922077922,0.698412698412698,1.41666666666667,0.566666666666667,889,167,0.18785151856018,132,34,23,16,684,125,5,2,5,30,552,119,148,0.18785151856018,38,154,24,83,27,17,0.0,684,34,30,11,58.76,37.77,0.64,0.72,1,0,1,4,6,6,10,128
Sample_0038,0,419,0,6,36,119,97,62,16,16,38,1.43298969072165,0.661290322580645,1.125,0.680672268907563,445,248,0.557303370786517,102,12,8,16,307,192,5,3,0,48,252,63,102,0.557303370786517,38,346,15,117,30,21,0.01,307,54,48,10,49.26,41.8,0.85,0.21,1,1,1,6,2,3,0,59
Sample_0039,0,420,0,2,17,75,133,64,69,55,55,0.924812030075188,0.875,1.0,0.586666666666667,489,276,0.56441717791411,226,68,34,34,127,175,15,2,8,76,125,94,264,0.56441717791411,37,336,15,127,12,23,0.02,127,93,76,15,39.63,45.0,1.14,0.8,1,1,1,17,3,5,14,78
Sample_0040,0,316,0,4,12,156,77,133,72,61,57,0.558441558441558,0.804511278195489,0.694444444444444,0.461538461538462,524,373,0.711832061068702,219,57,18,14,216,201,28,6,12,126,154,95,265,0.711832061068702,29,258,4,65,12,4,0.04,216,137,126,35,41.89,44.27,1.06,0.96,1,1,0,11,2,2,11,20
Sample_0041,0,303,0,81,178,97,44,53,120,96,26,1.56818181818182,0.754716981132076,0.866666666666667,0.45360824742268,315,295,0.936507936507936,126,47,10,9,123,168,11,6,5,105,89,53,171,0.936507936507936,31,425,19,225,13,15,0.0,123,125,105,14,47.52,69.04,1.45,0.66,1,1,0,20,20,11,24,18
Sample_0042,0,284,0,52,128,147,312,99,73,63,108,1.0224358974359,1.16161616161616,1.34246575342466,0.380952380952381,1474,639,0.433514246947083,445,77,48,61,843,412,33,11,14,169,697,235,454,0.433514246947083,39,361,27,165,36,21,0.46,845,187,169,19,54.87,56.78,1.03,0.38,1,1,0,18,26,11,10,204
Sample_0044,0,292,0,50,135,116,148,73,39,32,73,1.2972972972973,0.643835616438356,0.717948717948718,0.53448275862069,359,230,0.64066852367688,153,35,22,22,127,135,6,4,1,84,89,67,190,0.64066852367688,29,340,14,125,6,10,0.0,127,95,84,8,38.07,66.36,1.74,0.14,1,0,0,11,28,10,7,75
Sample_0045,0,309,0,10,42,148,110,63,231,71,51,1.05454545454545,0.476190476190476,1.02597402597403,0.560810810810811,837,273,0.326164874551971,215,56,23,35,508,147,13,3,5,105,421,147,243,0.326164874551971,36,274,16,127,34,15,0.49,508,112,106,12,43.72,43.78,1.0,0.8,1,0,0,7,6,3,160,59
Sample_0046,0,312,0,45,106,298,134,124,372,360,53,1.08955223880597,0.911290322580645,1.4005376344086,0.476510067114094,865,403,0.465895953757225,400,83,41,38,303,219,29,6,7,142,248,142,451,0.465895953757225,36,376,21,202,21,18,1.21,303,149,142,24,43.37,62.79,1.45,0.3,1,1,0,7,9,3,12,81
Sample_0047,0,233,0,40,85,153,166,79,67,54,33,1.06626506024096,0.607594936708861,1.08955223880597,0.777777777777778,1309,303,0.231474407944996,223,47,15,13,1011,164,23,5,10,101,812,174,223,0.231474407944996,40,262,23,125,31,19,0.0,1011,125,101,13,47.97,36.73,0.77,0.17,1,0,1,24,3,2,13,133
Sample_0048,0,35,0,0,66,20,0,2,2,2,0,0.0,0.0,0.0,0.0,107,105,0.981308411214953,30,21,7,4,45,47,5,2,2,49,25,19,59,0.981308411214953,6,41,1,8,0,0,0.0,45,57,49,0,41.55,74.5,1.79,0.09,0,0,0,8,6,1,0,0
Sample_0049,0,45,0,1,46,16,0,0,3,2,0,0.0,0.0,0.0,0.0,181,185,1.02209944751381,64,35,10,10,62,135,12,1,2,35,55,28,94,1.02209944751381,7,42,1,9,0,3,0.0,62,43,35,0,28.76,98.64,3.43,0.0,0,0,0,8,3,3,1,0
Sample_0050,1,253,0,24,81,87,74,78,71,60,20,1.16216216216216,0.551282051282051,0.746478873239437,0.275862068965517,564,272,0.482269503546099,147,50,31,34,302,179,16,10,10,57,255,118,169,0.482269503546099,24,288,17,133,9,13,0.5,302,72,57,11,42.67,47.26,1.11,0.13,1,1,0,15,19,13,11,54
Sample_0051,0,8,0,2,65,24,1,1,1,1,0,27.0,0.0,0.0,0.0,131,134,1.02290076335878,53,19,6,8,45,65,14,3,0,52,34,23,73,1.02290076335878,13,24,10,20,0,2,0.0,45,55,52,0,51.81,121.4,2.34,0.91,0,0,0,3,2,4,0,1
Sample_0052,0,173,0,61,236,87,7,11,68,57,6,0.571428571428571,0.909090909090909,0.691176470588235,0.28735632183908,205,197,0.960975609756098,110,28,13,14,40,146,13,0,2,36,38,42,125,0.960975609756098,17,247,6,109,1,0,0.0,42,69,37,1,31.45,92.43,2.94,0.85,0,0,0,33,34,9,11,1
Sample_0053,0,103,0,39,111,79,56,34,65,60,28,1.30357142857143,1.20588235294118,1.15384615384615,1.12658227848101,231,188,0.813852813852814,78,34,9,4,106,128,12,2,1,45,65,53,106,0.813852813852814,17,138,11,58,9,4,0.0,106,57,45,9,36.96,60.63,1.64,0.26,1,1,0,12,7,5,5,28
Sample_0054,0,104,0,54,129,111,78,31,116,46,13,1.25641025641026,0.67741935483871,0.939655172413793,0.612612612612613,749,184,0.2456608811749,169,48,20,19,493,89,10,3,6,76,402,122,200,0.2456608811749,29,178,21,103,23,15,0.01,493,84,76,2,39.23,49.61,1.26,0.99,0,0,1,8,23,6,70,65
Sample_0055,0,128,0,81,208,28,2,5,0,0,2,2.0,0.0,0.0,0.0,117,127,1.08547008547008,41,24,4,3,45,58,8,0,3,58,31,19,61,1.08547008547008,17,212,7,113,1,8,0.0,45,85,59,0,45.93,65.61,1.43,0.25,0,0,0,27,31,7,0,0
Sample_0056,0,483,0,4,19,204,130,107,241,136,65,1.20769230769231,1.2803738317757,1.41078838174274,0.916666666666667,1517,558,0.367831245880026,758,95,39,30,595,301,27,12,9,209,488,232,783,0.367831245880026,39,406,17,121,25,12,0.65,596,227,210,29,59.15,43.7,0.74,0.23,1,1,1,18,8,4,105,65
Sample_0057,1,62,0,48,72,85,81,16,48,18,17,1.59259259259259,0.75,0.875,0.552941176470588,819,339,0.413919413919414,160,40,17,15,587,181,19,4,14,121,482,133,172,0.413919413919414,29,106,23,57,30,16,0.37,587,126,121,0,62.66,49.13,0.78,1.0,0,0,0,5,19,5,30,64
Sample_0058,0,92,0,47,130,25,10,6,18,18,6,0.7,0.666666666666667,0.944444444444444,0.08,162,228,1.40740740740741,71,21,7,7,56,157,17,5,2,47,44,41,71,1.40740740740741,15,153,9,73,4,3,0.0,56,61,47,0,35.34,105.57,2.99,0.6,0,0,0,14,29,7,0,4
Sample_0059,0,277,0,50,152,51,49,41,29,25,18,0.959183673469388,1.0,0.379310344827586,0.274509803921569,245,170,0.693877551020408,74,26,21,14,110,95,12,2,2,59,91,43,106,0.693877551020408,36,303,20,121,11,9,0.0,110,94,63,14,34.17,58.19,1.7,0.99,0,0,0,35,12,2,4,31
Sample_0060,0,224,0,50,156,150,82,53,42,35,32,1.23170731707317,0.811320754716981,1.16666666666667,0.14,671,356,0.530551415797317,340,56,40,28,207,202,23,7,8,116,151,117,382,0.530551415797317,36,366,24,236,16,31,0.47,208,144,116,20,34.48,66.92,1.94,0.37,0,0,0,28,34,18,7,50
Sample_0062,0,361,0,13,84,99,131,50,214,51,40,1.23664122137405,1.12,1.33644859813084,0.797979797979798,1024,222,0.216796875,181,55,25,23,740,135,16,2,9,60,597,203,193,0.216796875,37,350,24,196,29,26,0.14,740,83,60,11,42.57,54.34,1.28,0.4,1,1,0,23,11,8,163,91
Sample_0063,0,208,0,84,238,88,26,10,79,70,12,0.961538461538462,0.7,0.89873417721519,0.897727272727273,427,338,0.791569086651054,190,39,20,20,158,192,21,10,2,113,103,68,255,0.791569086651054,24,288,12,139,6,2,0.0,159,137,114,0,52.61,68.79,1.31,0.06,0,0,0,24,21,6,9,14
Sample_0065,0,334,0,14,54,131,62,81,30,29,41,0.758064516129032,0.654320987654321,0.666666666666667,0.908396946564886,260,201,0.773076923076923,78,33,8,10,131,94,12,1,4,90,95,43,117,0.773076923076923,23,296,7,53,13,8,0.01,131,114,92,7,36.78,70.65,1.92,0.56,0,0,0,24,8,2,1,21
Sample_0066,0,41,0,8,65,33,2,5,1,0,2,1.5,0.0,0.0,0.0,259,189,0.72972972972973,122,34,9,10,84,73,7,3,3,103,53,44,157,0.72972972972973,6,51,4,14,0,1,0.0,84,109,103,0,54.41,58.66,1.08,0.57,0,0,0,6,3,8,1,0
Sample_0067,0,342,0,4,15,39,34,28,38,34,18,1.35294117647059,1.10714285714286,1.10526315789474,0.435897435897436,384,285,0.7421875,179,55,31,25,94,193,17,7,2,66,90,105,182,0.7421875,34,324,19,182,4,5,2.16,95,123,67,4,34.62,65.31,1.89,0.98,1,1,0,57,10,7,4,16
Sample_0068,0,39,0,18,65,24,6,12,19,12,1,0.666666666666667,0.0,0.894736842105263,0.0,508,353,0.69488188976378,238,58,25,35,152,289,13,6,4,41,128,123,243,0.69488188976378,11,57,7,23,3,4,0.0,152,47,41,0,89.97,88.79,0.99,0.22,0,0,0,6,4,5,7,5
Sample_0069,1,260,0,6,30,65,45,28,54,49,21,1.8,1.25,1.31481481481482,0.461538461538462,222,197,0.887387387387387,116,20,11,6,69,124,8,3,2,60,57,62,99,0.887387387387387,32,184,13,51,15,9,0.01,70,69,61,6,41.65,49.08,1.18,0.81,1,1,1,9,6,3,5,24
Sample_0070,0,103,0,3,17,27,7,2,9,4,5,0.571428571428571,13.0,1.88888888888889,0.259259259259259,177,123,0.694915254237288,80,21,13,7,56,75,6,1,2,39,44,41,89,0.694915254237288,15,50,4,18,3,7,0.0,58,43,39,0,38.28,104.43,2.73,0.12,0,0,0,4,4,3,5,2
Sample_0071,0,64,0,69,84,56,30,21,89,77,12,1.2,0.333333333333333,1.15730337078652,0.571428571428571,276,225,0.815217391304348,126,30,13,20,87,172,8,5,4,36,68,56,145,0.815217391304348,27,135,23,83,5,13,0.01,89,37,36,3,34.99,59.73,1.71,0.57,0,0,0,1,14,13,12,18
Sample_0072,1,40,0,75,86,109,75,29,44,42,41,2.02666666666667,0.620689655172414,1.29545454545454,0.137614678899083,715,270,0.377622377622378,321,86,36,26,246,177,19,7,5,62,210,185,298,0.377622377622378,15,106,11,72,10,7,0.19,246,63,62,0,51.27,50.8,0.99,0.47,1,0,0,1,19,5,2,34
Sample_0073,1,340,0,17,69,170,187,75,351,78,32,1.21390374331551,0.693333333333333,0.965811965811966,0.958823529411765,1949,252,0.129297075423294,347,63,29,31,1479,162,11,3,6,70,1210,327,324,0.129297075423294,35,338,13,136,40,26,0.59,1479,97,70,6,55.46,43.49,0.78,0.01,1,0,0,27,12,19,273,155
Sample_0074,0,381,0,25,139,68,85,121,659,552,35,0.905882352941176,1.15702479338843,1.23672230652504,0.720588235294118,469,261,0.556503198294243,174,61,27,20,187,149,16,4,2,90,151,86,217,0.556503198294243,29,416,23,214,17,24,0.3,187,91,91,13,37.05,63.77,1.72,0.24,1,0,0,1,7,3,107,50
Sample_0075,0,92,0,24,99,33,14,11,9,4,4,1.21428571428571,0.545454545454545,0.444444444444444,0.121212121212121,175,204,1.16571428571429,74,28,9,7,57,139,11,2,5,47,46,24,102,1.16571428571429,25,102,15,38,5,7,0.0,57,58,47,6,26.83,95.58,3.56,0.83,0,0,0,11,7,1,5,10
Sample_0076,0,189,0,11,51,115,113,47,23,11,23,1.13274336283186,1.02127659574468,0.608695652173913,0.252173913043478,1396,332,0.2378223495702,257,51,34,30,1024,236,21,5,8,62,876,181,250,0.2378223495702,34,173,20,85,34,20,0.18,1025,66,62,4,63.61,41.33,0.65,0.67,0,0,0,4,15,9,12,90
Sample_0077,0,84,0,108,109,121,326,94,44,25,57,0.93558282208589,0.968085106382979,1.38636363636364,0.495867768595041,1641,278,0.169408897014016,343,51,41,43,1163,147,18,11,5,97,945,221,342,0.169408897014016,35,201,28,152,30,32,0.18,1164,101,98,5,57.8,38.97,0.67,1.0,1,0,0,4,35,7,19,269
Sample_0078,0,21,0,15,41,29,4,5,1,1,1,1.75,0.4,0.0,0.0344827586206896,183,170,0.92896174863388,51,32,10,11,79,86,7,4,4,69,67,36,76,0.92896174863388,10,37,2,27,4,3,0.0,79,71,69,2,44.86,126.94,2.83,0.75,0,0,0,2,5,9,0,3
Sample_0079,0,225,0,8,45,102,81,65,36,27,46,0.888888888888889,0.707692307692308,0.888888888888889,0.588235294117647,454,351,0.773127753303965,221,60,24,22,127,217,15,7,1,111,100,127,216,0.773127753303965,27,193,6,48,17,6,0.11,127,120,111,20,39.39,68.3,1.73,0.83,1,1,0,9,5,3,9,35
Sample_0080,0,385,0,21,58,129,158,141,73,58,90,0.765822784810127,0.737588652482269,0.945205479452055,0.62015503875969,459,323,0.703703703703704,179,54,29,26,171,192,14,3,4,110,97,113,247,0.703703703703704,33,357,11,116,25,13,0.08,171,127,112,40,43.1,61.33,1.42,0.68,1,1,0,17,5,6,15,68
Sample_0081,0,311,0,60,116,121,200,81,72,32,49,1.375,0.876543209876543,0.916666666666667,0.363636363636364,1502,342,0.227696404793609,285,54,38,38,1087,188,14,9,6,125,902,226,308,0.227696404793609,38,402,25,221,26,18,0.59,1089,145,126,6,52.14,39.28,0.75,0.5,0,0,0,20,29,21,40,151
Sample_0082,0,26,0,24,62,29,2,1,1,1,1,0.0,0.0,0.0,0.137931034482759,121,151,1.24793388429752,35,23,4,6,53,110,5,0,0,36,36,25,58,1.24793388429752,14,49,10,25,1,7,0.0,53,40,36,0,30.25,108.26,3.58,0.83,0,0,0,4,4,4,0,1
Sample_0083,0,53,0,6,60,22,14,31,14,11,11,0.571428571428571,0.806451612903226,2.92857142857143,0.0909090909090909,224,254,1.13392857142857,73,29,12,18,92,177,16,4,1,56,77,24,119,1.13392857142857,6,70,3,19,3,3,0.01,92,60,56,0,33.52,80.12,2.39,0.84,0,0,0,4,5,7,3,3
Sample_0084,0,680,0,42,179,93,114,68,601,559,47,1.54385964912281,0.676470588235294,1.18635607321131,0.236559139784946,974,520,0.53388090349076,359,101,42,39,433,247,34,8,17,214,336,222,369,0.53388090349076,37,820,28,520,10,16,2.49,434,262,218,8,48.11,59.52,1.24,0.33,0,0,0,48,38,33,42,67
Sample_0085,0,216,0,5,15,45,35,43,13,12,19,0.971428571428571,0.674418604651163,0.692307692307692,0.355555555555556,244,196,0.80327868852459,91,32,20,24,77,105,13,0,4,74,62,53,125,0.80327868852459,35,177,17,77,5,18,0.09,77,86,75,7,38.1,78.8,2.07,0.33,0,0,0,12,9,2,1,16
Sample_0086,0,225,0,41,104,67,50,61,89,83,23,0.78,0.622950819672131,1.42696629213483,0.402985074626866,597,339,0.5678391959799,291,59,34,26,187,239,19,6,6,69,150,123,312,0.5678391959799,26,262,18,133,14,11,0.0,188,77,70,7,57.35,47.31,0.82,0.12,1,0,0,8,30,6,6,27
Sample_0087,0,249,0,37,111,168,212,80,109,54,74,0.933962264150943,0.575,0.880733944954128,0.464285714285714,1274,288,0.226059654631083,373,77,26,42,756,146,18,5,7,112,626,245,329,0.226059654631083,32,300,23,151,33,19,0.95,756,123,112,10,71.6,31.69,0.44,0.46,0,0,1,11,18,15,55,138
Sample_0088,0,176,0,53,162,98,81,31,288,267,22,0.925925925925926,0.451612903225806,1.09722222222222,0.857142857142857,218,123,0.564220183486238,47,20,6,9,136,69,6,2,2,44,115,25,75,0.564220183486238,25,229,19,86,15,19,0.5,136,51,44,7,38.46,53.33,1.39,0.41,1,0,0,7,6,1,21,59
Sample_0089,0,363,0,16,82,103,85,97,107,95,54,0.717647058823529,0.711340206185567,1.19626168224299,0.495145631067961,479,461,0.962421711899791,165,69,29,25,191,262,26,10,8,155,124,94,256,0.962421711899791,31,373,20,142,18,11,0.29,191,191,157,22,43.81,59.88,1.37,0.81,1,1,0,36,15,8,12,31
Sample_0090,0,401,0,42,171,187,172,154,254,236,74,1.01744186046512,0.590909090909091,0.996062992125984,0.914438502673797,603,309,0.512437810945274,320,62,25,31,165,181,17,9,11,91,130,139,320,0.512437810945274,32,472,18,222,24,16,0.15,165,113,91,42,40.39,51.17,1.27,0.85,1,1,0,22,16,8,18,98
Sample_0091,1,362,0,14,51,72,67,68,59,22,34,1.46268656716418,0.838235294117647,1.33898305084746,0.319444444444444,295,185,0.627118644067797,138,26,16,19,96,107,12,2,3,61,74,63,149,0.627118644067797,37,323,21,157,16,17,0.05,97,73,62,10,34.02,66.32,1.95,0.0,0,0,0,12,20,8,37,33
Sample_0092,0,192,0,18,62,106,170,83,65,45,79,0.723529411764706,1.01204819277108,0.8,0.547169811320755,344,217,0.630813953488372,145,28,22,26,123,156,7,3,0,51,98,62,174,0.630813953488372,29,191,20,89,22,25,0.0,123,56,51,11,38.58,60.45,1.57,0.75,1,1,0,5,3,6,20,91
Sample_0093,0,122,0,9,98,45,13,8,11,6,10,1.76923076923077,1.375,1.63636363636364,0.4,198,188,0.94949494949495,58,37,16,13,74,110,11,4,1,62,61,49,86,0.94949494949495,12,113,3,33,2,2,0.0,74,70,62,0,45.19,86.04,1.9,0.19,0,0,0,8,13,4,5,3
Sample_0094,0,16,0,7,44,26,8,3,5,3,7,0.125,1.0,1.0,0.115384615384615,250,245,0.98,118,29,7,8,88,132,17,6,2,88,52,44,145,0.98,4,27,1,14,1,0,0.0,88,90,88,0,64.47,56.64,0.88,0.31,0,0,0,2,4,2,2,1
Sample_0095,0,236,0,1,18,41,3,2,1,1,1,0.666666666666667,0.0,0.0,0.024390243902439,231,244,1.05627705627706,81,29,13,10,98,148,9,2,1,84,70,44,115,1.05627705627706,18,158,0,28,4,1,0.0,98,105,84,0,53.42,86.54,1.62,0.48,0,0,0,21,7,3,0,2
Sample_0096,0,222,0,48,120,43,88,35,40,30,54,1.14772727272727,0.6,1.275,0.581395348837209,333,219,0.657657657657658,146,47,23,20,97,122,9,5,5,78,86,66,174,0.657657657657658,35,275,17,126,14,17,0.01,98,99,79,4,33.11,76.48,2.31,0.6,1,0,0,21,18,8,10,34
Sample_0097,1,323,0,12,36,131,120,82,34,23,32,0.683333333333333,0.951219512195122,0.970588235294118,0.450381679389313,602,354,0.588039867109635,228,75,46,35,218,209,13,4,5,123,177,139,280,0.588039867109635,35,299,14,90,18,9,0.47,218,141,124,13,34.41,96.68,2.81,0.47,0,0,0,18,12,3,11,88
Sample_0098,1,120,0,73,144,111,110,87,178,50,58,0.763636363636364,0.505747126436782,0.808988764044944,0.738738738738739,597,206,0.345058626465662,169,29,16,20,363,119,11,5,7,64,303,115,165,0.345058626465662,35,242,20,144,19,20,0.06,363,89,64,5,56.09,50.76,0.9,0.45,0,0,1,25,32,17,128,52
Sample_0099,0,269,0,34,90,58,154,56,59,43,80,1.08441558441558,0.660714285714286,1.22033898305085,0.431034482758621,485,388,0.8,204,57,25,23,176,233,31,7,9,108,147,78,247,0.8,32,297,18,130,10,10,0.06,176,129,109,10,35.4,74.46,2.1,0.44,1,0,0,21,23,18,16,74
Sample_0100,0,39,0,3,46,22,0,3,4,2,0,0.0,0.0,1.0,1.72727272727273,420,606,1.44285714285714,227,60,21,24,88,464,41,5,6,90,84,82,250,1.44285714285714,9,38,1,7,4,0,0.01,88,93,90,0,30.79,114.32,3.71,0.46,0,0,0,3,1,4,2,0
Sample_0101,0,261,0,26,60,239,207,155,167,111,97,0.980676328502416,0.47741935483871,0.958083832335329,0.309623430962343,598,293,0.489966555183946,268,77,39,38,176,177,15,8,4,89,161,128,298,0.489966555183946,32,275,23,145,16,21,0.21,176,94,90,12,35.95,71.81,2.0,0.62,1,1,0,5,11,5,56,110
Sample_0102,0,28,0,37,59,28,12,5,2,1,9,0.583333333333333,0.8,0.0,0.142857142857143,251,274,1.09163346613546,90,35,11,14,101,184,17,3,11,59,82,51,111,1.09163346613546,11,68,7,46,2,4,0.0,102,62,59,0,39.31,195.14,4.96,0.23,0,0,0,3,7,10,1,3
Sample_0103,0,256,0,11,36,47,3,6,3,2,2,0.666666666666667,0.166666666666667,1.0,0.957446808510638,250,258,1.032,69,40,15,8,118,92,9,5,5,147,80,48,114,1.032,25,265,6,100,1,6,0.28,121,191,150,2,35.78,124.38,3.48,0.01,0,0,0,44,13,18,1,1
Sample_0104,0,272,0,25,115,168,311,140,121,97,78,1.41800643086817,1.32142857142857,1.03305785123967,0.440476190476191,1789,460,0.257126886528787,416,83,60,52,1178,261,34,8,13,144,987,302,398,0.257126886528787,43,303,30,170,29,30,1.3,1179,146,144,25,41.39,51.4,1.24,0.27,0,0,0,2,26,14,24,233
Sample_0105,0,77,0,64,80,91,58,34,18,15,15,0.879310344827586,0.558823529411765,1.0,0.417582417582418,909,200,0.22002200220022,252,46,17,30,564,108,4,2,4,82,471,129,253,0.22002200220022,29,137,19,81,20,22,0.0,564,95,82,6,38.9,62.05,1.59,1.0,1,0,0,13,12,5,3,43
Sample_0106,0,82,0,7,44,31,10,2,5,4,7,1.9,0.0,0.8,0.0645161290322581,418,453,1.08373205741627,218,55,24,17,104,331,26,6,9,81,80,80,249,1.08373205741627,11,79,6,31,3,3,0.56,104,89,81,0,52.31,74.41,1.42,0.44,0,0,0,8,5,1,1,3
Sample_0107,0,294,0,73,122,284,216,135,126,112,87,1.43055555555556,0.844444444444444,1.19047619047619,0.651408450704225,882,282,0.319727891156463,444,87,41,29,281,172,15,5,3,87,255,169,436,0.319727891156463,29,381,16,181,23,20,0.02,282,97,88,31,38.77,76.34,1.97,0.91,1,1,0,10,17,12,14,129
Sample_0108,0,211,0,7,64,24,9,6,40,26,6,0.444444444444444,0.0,1.025,0.0833333333333333,262,226,0.862595419847328,99,38,14,9,102,161,13,5,6,41,83,39,133,0.862595419847328,28,195,14,93,3,10,0.14,104,57,41,0,27.79,84.19,3.03,0.22,1,1,0,16,16,5,14,3
Sample_0109,0,167,0,81,152,131,184,45,88,51,31,1.92934782608696,2.0,1.93181818181818,0.770992366412214,1845,405,0.219512195121951,426,53,39,46,1281,287,20,5,6,87,1090,218,466,0.219512195121951,34,282,23,160,29,33,0.0,1281,105,88,9,70.08,29.83,0.43,0.25,1,0,0,18,15,5,37,153
Sample_0110,0,541,0,23,104,112,84,59,292,285,49,0.976190476190476,0.932203389830508,1.11301369863014,0.482142857142857,363,317,0.873278236914601,144,58,22,10,129,181,18,2,13,103,102,77,174,0.873278236914601,35,505,23,185,12,12,0.07,129,115,104,3,30.45,57.52,1.89,0.62,0,0,0,12,6,8,7,35
Sample_0111,0,348,0,35,102,187,142,265,363,329,71,0.880281690140845,0.886792452830189,1.02203856749311,0.877005347593583,666,393,0.59009009009009,436,65,26,26,113,283,30,5,4,71,97,130,427,0.59009009009009,33,339,16,120,21,13,0.01,113,84,71,53,54.89,41.07,0.75,0.61,1,1,0,13,2,4,34,71
Sample_0112,0,224,0,6,48,141,118,57,19,17,21,1.45762711864407,0.473684210526316,0.368421052631579,0.340425531914894,1158,233,0.201208981001727,191,57,28,26,856,129,12,6,5,81,725,128,241,0.201208981001727,36,190,17,83,32,15,0.06,856,96,81,11,45.5,45.41,1.0,0.68,0,0,0,15,12,6,2,97
Sample_0113,0,166,0,2,48,27,36,10,12,11,11,0.944444444444444,0.6,1.58333333333333,0.333333333333333,518,434,0.837837837837838,276,63,32,22,125,345,21,5,2,61,111,132,259,0.837837837837838,22,129,7,45,6,6,0.02,125,73,61,0,57.51,68.5,1.19,0.77,0,0,0,12,2,4,1,25
Sample_0115,1,248,0,13,39,147,81,41,106,88,37,0.851851851851852,0.51219512195122,0.613207547169811,0.0816326530612245,333,351,1.05405405405405,158,32,24,29,90,280,23,6,4,38,93,66,160,1.05405405405405,30,209,15,82,12,14,0.02,90,50,38,4,44.08,68.25,1.55,0.31,1,0,0,12,8,7,18,44
Sample_0116,0,330,0,21,79,214,393,192,51,40,101,1.01272264631043,0.671875,0.980392156862745,0.551401869158878,1738,339,0.195051783659379,460,84,50,50,1094,210,27,5,6,91,939,286,441,0.195051783659379,41,350,23,171,27,18,0.07,1095,114,91,24,61.6,40.1,0.65,0.13,1,0,0,23,12,7,11,292
Sample_0117,0,215,0,2,48,105,50,25,124,38,18,0.78,0.48,1.25806451612903,0.533333333333333,539,169,0.313543599257885,159,43,7,13,317,103,5,4,5,52,252,117,161,0.313543599257885,27,168,16,64,21,18,0.04,317,61,52,3,56.4,45.29,0.8,0.13,0,0,1,9,6,4,86,32
Sample_0118,0,244,0,10,69,46,35,31,32,28,17,0.828571428571429,0.419354838709677,0.625,0.304347826086956,320,223,0.696875,127,51,20,28,94,149,7,8,3,56,90,71,148,0.696875,31,224,11,64,12,11,0.09,94,69,58,8,30.22,72.52,2.4,0.81,1,1,0,13,8,9,4,18
Sample_0119,1,228,0,23,70,78,257,52,23,13,37,1.32684824902724,0.576923076923077,1.52173913043478,0.525641025641026,957,494,0.51619644723093,207,74,45,41,590,319,26,6,12,131,493,145,280,0.51619644723093,38,240,20,151,22,20,1.05,591,142,131,12,54.61,49.71,0.91,0.17,1,0,0,11,29,20,10,220
Sample_0120,0,214,0,7,29,71,13,6,3,2,6,1.07692307692308,0.0,0.333333333333333,0.0422535211267606,300,289,0.963333333333333,76,49,13,20,142,132,17,5,5,130,87,59,143,0.963333333333333,20,136,6,39,4,6,0.0,142,145,130,1,36.36,90.26,2.48,0.68,0,0,0,15,7,7,1,7
Sample_0121,0,202,0,48,109,116,132,71,114,106,65,0.856060606060606,0.436619718309859,0.798245614035088,0.344827586206897,583,317,0.543739279588336,174,59,48,31,271,186,12,2,6,111,230,89,245,0.543739279588336,38,270,27,170,15,23,0.03,272,121,111,9,40.71,68.39,1.68,0.82,1,0,0,10,18,13,8,67
Sample_0122,0,111,0,2,30,33,6,6,5,5,1,0.5,0.333333333333333,5.4,0.0,358,293,0.818435754189944,145,55,25,26,107,187,12,4,4,86,89,66,201,0.818435754189944,12,82,1,20,4,1,0.19,108,90,86,0,32.58,163.85,5.03,0.72,0,0,0,4,5,8,0,5
Sample_0123,0,516,0,19,40,433,236,218,156,141,141,0.694915254237288,0.844036697247706,0.743589743589744,0.662817551963048,529,377,0.712665406427221,273,49,20,25,162,252,20,4,8,93,122,153,241,0.712665406427221,32,473,14,156,24,12,0.9,163,108,93,38,38.53,46.37,1.2,0.99,1,1,0,15,5,1,15,95
Sample_0124,0,64,0,9,101,56,49,78,40,39,42,0.591836734693878,0.5,0.775,0.142857142857143,201,171,0.850746268656716,74,26,10,9,82,85,3,1,3,79,66,41,86,0.850746268656716,5,86,0,34,0,0,0.02,82,91,79,9,47.18,68.6,1.45,0.01,0,0,0,12,19,6,1,7
Sample_0125,0,110,0,12,120,70,5,5,29,26,0,0.4,0.8,1.20689655172414,1.22857142857143,239,225,0.941422594142259,110,31,10,16,72,178,5,4,5,33,52,26,158,0.941422594142259,12,116,4,30,3,2,0.0,72,40,33,0,33.47,90.72,2.71,0.39,0,0,0,7,2,3,3,5
Sample_0126,1,228,0,29,116,70,53,42,171,153,19,1.73584905660377,0.80952380952381,1.14619883040936,0.671428571428571,200,176,0.88,72,31,9,5,83,98,7,3,1,67,67,34,98,0.88,30,271,18,116,13,16,0.0,83,80,67,9,37.14,56.9,1.53,0.86,1,1,0,13,9,2,18,34
Sample_0127,0,198,0,18,51,40,36,48,61,57,21,1.41666666666667,0.791666666666667,0.868852459016393,1.075,340,307,0.902941176470588,135,52,21,19,113,181,16,4,7,99,88,95,153,0.902941176470588,29,185,17,69,2,6,0.05,113,105,99,10,34.59,71.8,2.08,0.99,1,1,0,6,5,3,4,15
Sample_0128,0,83,0,53,106,141,39,37,130,92,9,1.0,0.594594594594595,0.838461538461538,0.269503546099291,390,460,1.17948717948718,184,45,19,23,119,327,18,5,7,103,82,61,242,1.17948717948718,22,131,19,53,9,11,0.0,119,113,103,7,40.1,69.96,1.74,0.71,1,0,0,10,12,4,38,30
Sample_0129,0,156,0,4,40,42,6,3,1,1,0,0.666666666666667,0.666666666666667,1.0,0.0714285714285714,549,496,0.903460837887067,249,76,29,31,164,337,26,11,7,115,144,104,291,0.903460837887067,25,134,10,59,4,19,0.3,164,132,116,2,49.67,81.21,1.63,1.0,0,0,0,17,5,1,0,6
Sample_0130,0,367,0,17,64,35,22,13,23,12,17,1.22727272727273,0.0769230769230769,1.04347826086956,0.2,181,143,0.790055248618785,67,27,6,6,75,84,5,4,0,50,45,31,98,0.790055248618785,40,334,21,165,8,21,0.01,76,67,51,1,31.45,59.79,1.9,0.34,1,0,0,17,14,9,11,5
Sample_0131,0,132,0,27,55,44,69,16,10,7,38,2.23188405797101,0.3125,0.9,0.113636363636364,720,540,0.75,447,70,31,28,144,423,33,5,6,73,125,96,491,0.75,29,167,15,108,12,25,0.14,144,90,73,2,47.25,65.94,1.4,0.05,0,0,0,17,16,12,3,31
Sample_0132,0,117,0,0,27,31,4,3,0,0,1,0.25,0.0,0.0,0.0,222,176,0.792792792792793,77,24,9,9,103,78,7,4,5,82,60,51,108,0.792792792792793,11,75,2,24,0,4,0.01,103,99,82,0,37.02,88.45,2.39,0.02,0,0,0,17,6,2,0,3
Sample_0133,0,203,0,4,10,25,5,1,2,2,2,0.0,0.0,2.0,1.0,242,208,0.859504132231405,90,40,10,19,83,132,9,3,8,56,60,46,133,0.859504132231405,18,113,3,19,0,2,0.0,83,70,56,0,59.43,129.76,2.18,0.43,0,0,0,14,0,7,0,3
Sample_0134,0,89,0,88,156,65,260,56,59,44,24,1.48461538461538,1.03571428571429,1.52542372881356,0.384615384615385,1295,299,0.230888030888031,219,37,22,28,989,220,11,4,4,60,848,163,212,0.230888030888031,31,224,22,165,13,24,0.05,989,66,60,7,58.64,36.58,0.62,0.56,0,0,0,6,60,11,15,236
Sample_0135,0,68,0,40,90,59,67,18,98,33,23,1.95522388059702,1.88888888888889,1.8469387755102,1.1864406779661,411,52,0.126520681265207,101,14,11,8,277,32,5,1,1,13,238,75,87,0.126520681265207,27,109,17,67,28,16,0.0,277,16,14,0,54.43,42.14,0.77,0.02,0,0,1,3,9,3,65,44
Sample_0136,0,96,0,11,51,19,68,20,23,10,10,1.63235294117647,0.8,1.26086956521739,1.26315789473684,252,221,0.876984126984127,108,17,6,13,108,206,4,0,2,9,98,49,94,0.876984126984127,31,107,18,60,12,17,0.01,109,12,9,5,56.06,45.2,0.81,0.06,1,1,0,3,16,5,13,58
Sample_0137,0,416,0,16,95,185,75,104,76,75,48,1.85333333333333,1.55769230769231,1.52631578947368,1.32432432432432,259,141,0.544401544401544,158,20,10,12,59,119,7,1,3,11,57,49,145,0.544401544401544,28,402,11,106,19,16,0.05,59,38,13,26,43978.0,68.33,0.0,0.02,1,1,0,27,6,3,1,27
Sample_0138,0,65,0,72,89,64,64,48,152,35,13,1.53125,1.6875,1.80263157894737,1.171875,684,87,0.12719298245614,129,21,11,13,510,49,8,3,2,25,446,104,112,0.12719298245614,30,150,25,92,31,18,0.25,510,37,25,0,43.51,41.87,0.96,0.09,0,0,1,12,21,18,117,51
Sample_0139,0,312,0,6,25,88,148,83,68,62,66,1.33108108108108,2.16867469879518,1.83823529411765,1.07954545454546,426,128,0.300469483568075,190,36,23,21,156,107,2,1,2,16,145,79,176,0.300469483568075,30,263,13,62,12,6,0.04,156,27,16,23,34.69,51.19,1.48,0.09,1,1,0,11,1,2,6,82
Sample_0140,0,72,0,42,56,20,48,49,15,10,12,1.33333333333333,1.75510204081633,1.73333333333333,0.95,246,69,0.280487804878049,148,11,4,14,69,53,3,0,1,12,68,67,107,0.280487804878049,25,105,17,42,11,5,0.05,71,20,12,14,44.76,38.93,0.87,0.09,0,0,0,8,22,3,5,36
Sample_0141,0,50,0,68,83,60,57,43,108,23,12,2.12280701754386,1.51162790697674,1.87962962962963,1.08333333333333,660,82,0.124242424242424,146,17,15,20,462,64,5,3,3,7,389,128,130,0.124242424242424,31,134,23,96,21,20,0.2,464,16,7,3,67.62,35.46,0.52,0.09,0,0,1,9,17,15,85,45
Sample_0142,1,85,0,20,50,11,9,18,11,11,2,1.44444444444444,1.88888888888889,2.63636363636364,1.0,174,100,0.574712643678161,66,17,15,33,43,71,14,1,2,12,54,39,77,0.574712643678161,24,107,14,66,10,16,0.0,45,18,12,4,22.63,84.84,3.75,0.06,0,0,0,6,8,4,0,7
Sample_0143,0,270,0,23,76,68,48,94,25,20,32,1.64583333333333,1.5531914893617,1.48,0.926470588235294,239,228,0.95397489539749,108,27,22,13,69,184,13,4,5,22,68,50,112,0.95397489539749,30,276,19,84,18,12,0.15,70,34,23,21,25.87,93.91,3.63,0.03,1,1,0,12,13,8,5,16
Sample_0144,0,241,0,6,44,30,45,76,44,39,18,1.33333333333333,1.59210526315789,1.68181818181818,1.06666666666667,285,173,0.607017543859649,167,17,19,15,67,142,12,3,3,13,71,70,140,0.607017543859649,21,209,8,34,7,5,0.08,67,25,13,29,35.7,51.77,1.45,0.08,1,1,0,12,3,8,5,27
Sample_0145,1,52,0,41,63,38,73,30,8,5,11,2.34246575342466,1.76666666666667,1.0,1.57894736842105,580,76,0.131034482758621,126,11,15,13,415,54,6,1,4,11,374,73,100,0.131034482758621,19,76,14,38,18,13,0.01,415,15,12,0,53.46,44.34,0.83,0.09,0,0,1,4,5,2,3,62
Sample_0146,0,221,0,14,55,120,142,48,115,17,24,1.83802816901408,1.375,1.61739130434783,1.35833333333333,1424,110,0.0772471910112359,352,36,23,41,972,71,12,4,4,19,847,270,261,0.0772471910112359,34,206,15,69,30,16,0.08,972,24,19,2,73.63,28.18,0.38,0.02,0,0,1,5,5,11,98,118
Sample_0147,0,64,0,38,67,51,35,25,166,53,9,1.74285714285714,1.44,1.6144578313253,1.25490196078431,512,82,0.16015625,111,7,8,9,377,58,7,0,1,16,314,96,85,0.16015625,28,94,22,35,20,13,0.01,377,21,16,0,58.3,33.87,0.58,0.01,0,0,1,5,9,6,113,26
Sample_0148,1,57,0,43,58,33,34,25,92,77,10,1.20588235294118,1.2,1.69565217391304,0.96969696969697,210,93,0.442857142857143,96,17,19,11,67,75,5,3,1,9,75,38,92,0.442857142857143,18,97,13,50,4,12,0.01,68,15,9,6,30.39,55.4,1.82,0.05,1,0,0,6,7,3,15,24
Sample_0149,0,430,0,9,35,37,35,43,28,22,22,1.14285714285714,1.48837209302326,1.17857142857143,0.837837837837838,123,90,0.731707317073171,59,15,7,10,32,78,4,0,1,7,32,26,61,0.731707317073171,35,334,16,126,15,15,0.01,32,24,7,23,26.15,85.24,3.26,0.07,1,1,0,17,6,9,6,13
Sample_0150,0,404,0,7,36,113,95,117,182,167,39,1.47368421052632,1.58974358974359,1.76923076923077,1.27433628318584,390,174,0.446153846153846,192,21,16,21,140,132,15,2,5,20,118,85,164,0.446153846153846,37,349,10,85,30,6,0.08,140,34,20,18,30.18,49.55,1.64,0.03,1,1,0,14,2,3,15,56
Sample_0151,0,123,0,62,100,91,38,66,148,121,12,0.684210526315789,1.56060606060606,1.5472972972973,0.89010989010989,391,146,0.373401534526854,134,16,14,18,209,123,8,0,0,15,183,70,129,0.373401534526854,29,182,22,85,12,22,0.01,211,22,15,10,47.31,45.52,0.96,0.04,0,0,1,7,13,11,27,26
Sample_0152,0,211,0,18,58,35,91,82,22,17,33,1.87912087912088,1.54878048780488,2.40909090909091,0.885714285714286,388,107,0.275773195876289,176,35,31,37,109,75,10,2,5,15,110,89,172,0.275773195876289,21,226,13,74,9,14,0.23,110,33,16,28,33.59,61.18,1.82,0.01,1,0,0,18,16,23,5,58
Sample_0153,0,128,0,27,73,43,58,47,35,33,37,1.13793103448276,1.19148936170213,1.51428571428571,0.790697674418605,344,148,0.430232558139535,177,30,27,28,82,116,7,3,0,22,94,69,176,0.430232558139535,26,152,15,71,14,15,0.05,82,26,22,8,34.82,58.11,1.67,0.1,1,1,0,4,5,2,2,21
Sample_0154,1,298,0,13,35,69,86,48,87,70,45,1.34883720930233,1.8125,1.72413793103448,0.579710144927536,255,112,0.43921568627451,137,17,23,13,65,87,7,4,3,11,73,66,110,0.43921568627451,32,283,16,135,10,18,0.08,65,30,13,7,32.43,59.69,1.84,0.02,1,1,0,19,10,6,17,41
Sample_0155,0,223,0,11,38,43,34,67,38,26,19,1.23529411764706,1.32835820895522,1.47368421052632,1.34883720930233,270,158,0.585185185185185,145,25,21,25,54,126,11,6,1,14,67,71,126,0.585185185185185,23,217,8,53,11,4,0.1,57,31,14,16,31.98,62.36,1.95,0.09,1,0,0,17,15,11,12,15
Sample_0157,0,162,0,5,33,45,61,31,40,16,13,2.39344262295082,1.41935483870968,2.05,0.888888888888889,413,76,0.184019370460048,118,15,13,17,250,44,4,1,0,27,228,68,102,0.184019370460048,33,133,22,69,22,17,0.0,254,37,27,4,45.02,40.19,0.89,0.03,0,0,1,10,15,8,24,48
Sample_0158,0,41,0,47,78,78,58,10,103,16,20,1.72413793103448,1.7,1.59223300970874,1.26923076923077,556,95,0.170863309352518,110,17,13,13,403,56,8,1,1,29,332,109,96,0.170863309352518,31,86,22,59,33,19,0.01,403,30,29,0,69.97,36.0,0.51,0.03,0,0,1,1,13,4,87,38
Sample_0159,0,250,0,38,104,53,79,80,155,143,34,1.44303797468354,1.2875,1.90967741935484,1.9811320754717,415,253,0.609638554216868,230,26,13,22,124,216,15,3,2,17,123,105,178,0.609638554216868,28,301,20,134,13,10,0.25,124,28,18,20,44.56,39.2,0.88,0.08,0,0,0,11,8,11,12,45
Sample_0160,0,306,0,24,54,108,102,46,122,67,19,2.16666666666667,1.32608695652174,1.95081967213115,1.4537037037037,957,95,0.0992685475444096,209,21,19,13,695,63,7,4,5,16,604,150,170,0.0992685475444096,39,322,20,152,38,22,0.25,696,50,17,4,61.57,35.64,0.58,0.03,0,0,1,34,11,18,55,83
Sample_0161,0,287,0,14,40,36,86,36,73,55,41,1.67441860465116,3.66666666666667,1.46575342465753,0.861111111111111,215,131,0.609302325581395,97,12,6,22,78,104,8,2,3,14,70,55,81,0.609302325581395,26,252,11,115,13,14,0.11,79,31,14,3,43.68,46.55,1.07,0.09,1,0,1,17,8,11,18,45
Sample_0162,0,279,0,0,1,50,118,61,80,38,26,1.74576271186441,1.63934426229508,1.775,1.72,546,66,0.120879120879121,97,12,7,9,421,50,5,1,3,7,368,89,73,0.120879120879121,34,190,16,75,31,16,0.0,421,25,7,3,62.09,32.28,0.52,0.07,1,1,1,18,2,4,42,92
Sample_0163,0,304,0,40,112,157,195,102,198,93,56,2.0,1.99019607843137,1.55050505050505,1.15286624203822,1421,221,0.155524278676988,347,33,28,50,963,166,17,3,3,32,822,231,295,0.155524278676988,39,348,22,193,37,25,0.29,963,45,34,11,50.88,42.32,0.83,0.09,1,1,1,13,11,6,105,139
Sample_0164,0,64,0,55,98,44,71,25,88,39,14,1.57746478873239,2.16,1.93181818181818,1.04545454545454,485,89,0.183505154639175,102,15,13,20,335,58,6,3,1,21,304,76,87,0.183505154639175,32,139,25,92,27,21,0.43,335,29,21,0,58.38,35.81,0.61,0.09,0,0,1,8,24,10,49,57
Sample_0165,0,280,0,11,52,28,25,44,109,104,16,0.44,1.15909090909091,1.55045871559633,1.0,501,174,0.347305389221557,272,57,47,44,81,145,17,2,0,10,117,90,286,0.347305389221557,29,262,11,83,13,9,0.08,81,28,10,2,39.74,48.56,1.22,0.03,1,0,0,18,10,8,5,9
Sample_0166,0,16,0,37,33,7,19,38,14,13,12,1.26315789473684,1.26315789473684,1.85714285714286,0.0,79,60,0.759493670886076,41,7,3,3,25,50,2,0,1,7,23,13,39,0.759493670886076,6,57,5,50,0,1,0.08,25,8,7,3,28.36,76.32,2.69,0.04,0,0,0,1,10,10,1,7
Sample_0167,0,72,0,67,104,42,61,15,11,9,7,2.24590163934426,2.26666666666667,1.09090909090909,0.595238095238095,551,88,0.159709618874773,139,15,10,17,370,58,4,4,1,21,336,75,119,0.159709618874773,25,115,16,69,24,13,0.0,370,27,22,0,53.23,37.9,0.71,0.02,0,0,0,6,3,3,2,54
Sample_0168,0,51,0,53,75,52,50,19,95,19,11,1.72,2.26315789473684,1.84210526315789,1.21153846153846,460,116,0.252173913043478,125,14,17,12,292,90,7,1,1,17,259,78,110,0.252173913043478,36,107,25,74,23,13,0.05,292,19,17,0,49.67,45.32,0.91,0.07,0,0,1,2,9,6,76,39
Sample_0169,1,158,0,19,49,84,128,39,50,32,12,2.59375,1.05128205128205,1.72,0.821428571428571,1153,162,0.14050303555941,253,26,20,21,833,132,8,3,2,17,708,173,190,0.14050303555941,30,138,13,41,29,7,0.17,833,21,17,0,54.49,36.57,0.67,0.06,1,0,0,4,9,12,18,116
Sample_0170,0,367,0,9,52,46,63,42,116,72,22,2.96825396825397,2.04761904761905,1.49137931034483,0.934782608695652,415,58,0.139759036144578,85,9,6,11,304,37,6,3,0,12,255,78,64,0.139759036144578,36,322,20,129,26,13,0.56,305,31,15,5,72.12,35.64,0.49,0.1,1,0,1,19,17,13,44,41
Sample_0171,0,349,0,10,41,83,114,89,176,45,44,1.64912280701754,0.966292134831461,1.78977272727273,1.36144578313253,820,161,0.196341463414634,210,25,16,17,552,129,3,0,4,25,462,165,172,0.196341463414634,40,295,14,74,32,13,0.42,552,30,25,29,43.06,40.78,0.95,0.02,0,0,1,5,7,6,131,70
Sample_0172,0,333,0,11,27,115,85,118,50,45,39,1.37647058823529,1.27118644067797,1.46,1.07826086956522,357,144,0.403361344537815,189,32,31,33,72,106,15,2,1,20,91,62,201,0.403361344537815,30,326,12,138,17,5,0.61,73,43,20,23,28.29,85.19,3.01,0.09,1,1,0,23,10,3,5,46
Sample_0173,0,146,0,5,44,20,35,37,38,32,23,1.42857142857143,1.13513513513514,1.60526315789474,0.85,205,100,0.48780487804878,106,23,23,12,41,72,6,0,3,19,44,38,112,0.48780487804878,24,157,13,63,3,12,0.01,41,42,21,0,31.79,62.26,1.96,0.08,1,1,0,23,9,3,6,12
Sample_0174,1,349,0,15,50,29,74,37,177,163,26,1.54054054054054,1.43243243243243,1.37853107344633,0.655172413793103,454,156,0.343612334801762,176,43,30,39,166,104,9,3,4,36,170,109,165,0.343612334801762,35,331,11,94,8,13,0.13,168,56,36,2,49.18,39.22,0.8,0.05,1,1,0,20,8,13,14,48
Sample_0175,0,313,0,9,18,29,68,60,17,17,42,1.32352941176471,1.55,1.52941176470588,1.06896551724138,402,132,0.328358208955224,192,32,22,20,136,99,10,3,3,17,124,78,183,0.328358208955224,28,267,8,54,10,8,0.08,136,30,20,11,42.12,46.39,1.1,0.03,0,0,0,13,5,9,0,26
Sample_0176,0,48,0,66,69,93,75,41,266,33,21,1.21333333333333,1.26829268292683,1.5187969924812,1.23655913978495,599,78,0.130217028380634,121,18,17,6,437,59,4,0,0,15,370,122,90,0.130217028380634,30,109,23,74,25,20,0.27,437,17,15,1,75.99,35.87,0.47,0.02,0,0,1,2,17,4,233,54
Sample_0178,0,362,0,65,159,72,145,93,210,188,81,1.48965517241379,1.83870967741935,1.82380952380952,1.11111111111111,548,306,0.558394160583942,274,37,33,41,163,252,23,4,3,24,175,98,258,0.558394160583942,33,489,20,296,17,12,0.17,164,57,26,16,43.9,44.17,1.01,0.06,1,1,0,33,37,22,22,64
Sample_0179,0,173,0,5,35,50,60,45,15,12,14,1.95,1.48888888888889,1.53333333333333,1.32,1014,100,0.0986193293885602,198,33,23,20,740,69,12,3,3,13,641,122,183,0.0986193293885602,35,130,16,41,35,8,0.03,741,26,13,0,59.75,37.71,0.63,0.05,0,0,1,13,6,6,3,46
Sample_0180,0,75,0,45,85,29,21,24,46,43,11,1.76190476190476,1.41666666666667,1.17391304347826,2.37931034482759,149,98,0.657718120805369,84,11,13,8,33,83,3,0,0,12,37,33,75,0.657718120805369,25,121,22,67,6,10,0.0,33,16,12,2,30.17,72.22,2.39,0.04,0,0,0,4,21,4,3,10
Sample_0181,0,230,0,18,80,61,62,76,77,75,37,1.2741935483871,1.80263157894737,1.92207792207792,1.31147540983607,280,188,0.671428571428571,134,28,26,15,77,152,16,1,1,18,70,75,128,0.671428571428571,22,224,12,63,14,9,0.18,77,28,19,18,34.32,66.84,1.95,0.06,1,1,0,10,8,5,2,25
Sample_0182,0,258,0,17,78,75,78,26,87,51,9,1.78205128205128,1.30769230769231,1.57471264367816,1.57333333333333,677,91,0.134416543574594,138,10,12,13,504,55,7,2,4,23,434,106,113,0.134416543574594,39,281,23,161,26,27,0.86,504,44,23,10,66.63,36.21,0.54,0.03,1,0,0,21,24,14,36,69
Sample_0183,1,286,0,22,51,69,110,40,26,19,14,1.4,2.125,1.96153846153846,0.971014492753623,380,48,0.126315789473684,98,6,4,8,264,33,4,1,1,9,232,63,68,0.126315789473684,31,221,18,73,26,9,0.0,264,12,9,5,51.61,29.59,0.57,0.03,0,0,0,3,11,6,7,96
Sample_0184,0,242,0,19,68,129,111,89,193,57,33,1.71171171171171,1.57303370786517,1.53886010362694,1.33333333333333,627,92,0.146730462519936,109,18,20,7,473,78,0,1,1,12,391,129,91,0.146730462519936,32,224,13,69,39,10,0.0,473,26,12,7,74.44,30.03,0.4,0.06,1,0,1,14,1,4,136,78
Sample_0185,0,170,0,6,59,49,53,18,131,15,9,1.50943396226415,0.888888888888889,1.66412213740458,1.12244897959184,700,85,0.121428571428571,114,21,10,17,538,63,5,2,1,14,460,104,108,0.121428571428571,36,151,22,81,27,23,0.01,538,28,14,0,53.43,43.2,0.81,0.1,1,0,1,14,15,4,116,44
Sample_0186,0,230,0,13,55,100,70,53,164,30,15,1.28571428571429,1.15094339622642,1.50609756097561,1.23,609,123,0.201970443349754,159,14,17,22,397,90,11,1,3,18,332,114,134,0.201970443349754,37,224,23,128,32,18,0.14,397,31,18,5,50.29,40.25,0.8,0.06,1,0,0,13,10,8,134,55
Sample_0187,1,186,0,23,84,37,80,47,16,14,28,1.9125,1.23404255319149,1.25,0.459459459459459,443,132,0.297968397291196,103,18,13,13,296,87,11,3,6,25,250,60,110,0.297968397291196,27,255,18,130,11,6,0.2,297,75,25,6,32.2,74.04,2.3,0.04,0,0,0,50,26,16,2,52
Sample_0188,1,298,0,18,93,104,133,99,90,84,25,1.78947368421053,1.44444444444444,1.82222222222222,1.08653846153846,743,187,0.251682368775235,190,41,21,24,467,143,13,2,4,25,422,103,177,0.251682368775235,33,307,16,100,19,15,0.01,468,51,26,12,38.16,77.94,2.04,0.09,1,1,0,26,16,14,6,108
Sample_0189,0,213,0,1,27,70,91,23,92,34,11,1.87912087912088,2.0,1.51086956521739,0.885714285714286,896,180,0.200892857142857,253,20,19,20,584,112,7,4,4,53,489,151,214,0.200892857142857,30,212,16,151,27,17,0.9,585,108,60,4,61.34,37.67,0.61,0.03,0,0,1,55,2,3,58,80
Sample_0190,0,275,0,54,79,131,126,52,268,70,37,1.73015873015873,1.5,1.79850746268657,1.27480916030534,1152,100,0.0868055555555556,316,39,32,30,735,67,11,3,3,16,646,194,283,0.0868055555555556,33,318,24,150,39,18,0.04,738,28,17,4,66.92,36.13,0.54,0.05,1,0,1,12,33,13,198,89
Sample_0191,0,209,0,5,30,93,52,44,63,13,12,2.40384615384615,0.681818181818182,1.71428571428571,0.89247311827957,523,126,0.240917782026769,101,21,16,18,367,63,16,5,4,38,290,94,108,0.240917782026769,31,156,12,43,30,17,0.05,367,55,38,7,62.48,42.87,0.69,0.06,0,0,1,17,2,2,50,40
Sample_0192,0,100,0,46,106,72,48,26,184,106,10,2.14583333333333,2.03846153846154,1.77717391304348,1.54166666666667,532,93,0.174812030075188,100,10,19,9,394,77,3,3,2,8,329,97,86,0.174812030075188,28,160,19,75,25,15,0.0,395,20,8,0,50.84,44.85,0.88,0.07,0,0,0,12,11,13,78,38
Sample_0193,0,285,0,9,51,111,85,38,163,46,10,1.70588235294118,0.868421052631579,1.89570552147239,1.0990990990991,923,103,0.111592632719393,140,21,20,13,729,63,9,3,6,22,619,146,112,0.111592632719393,32,243,14,57,39,8,0.33,729,36,22,2,58.55,36.42,0.62,0.03,0,0,1,14,3,7,117,75
Sample_0194,0,319,0,2,42,75,62,26,87,22,14,1.53225806451613,1.23076923076923,1.49425287356322,1.2,583,83,0.142367066895369,105,12,15,11,440,56,6,1,3,17,363,104,86,0.142367066895369,38,235,24,83,29,16,0.09,440,34,18,2,56.6,35.18,0.62,0.03,0,0,1,17,7,2,65,48
Sample_0195,0,66,0,62,81,124,122,83,26,26,16,1.70491803278688,1.09638554216868,1.42307692307692,0.782258064516129,1573,189,0.120152574698029,281,53,30,39,1170,109,18,5,9,48,1044,197,253,0.120152574698029,30,122,25,73,27,28,0.11,1170,51,48,6,55.87,38.14,0.68,0.07,0,0,1,3,14,3,0,106
Sample_0196,1,199,0,3,38,48,99,20,15,11,7,2.87878787878788,1.05,0.933333333333333,0.4375,809,114,0.140914709517923,167,14,16,23,589,81,9,1,5,18,493,111,141,0.140914709517923,26,156,16,71,16,15,0.1,590,54,18,6,55.47,45.07,0.81,0.0,0,0,0,36,9,4,4,92
Sample_0197,0,239,0,14,73,108,179,48,32,22,44,1.7877094972067,0.770833333333333,2.0,0.814814814814815,1117,137,0.122649955237243,234,38,27,28,790,92,9,4,4,28,708,132,211,0.122649955237243,33,262,18,130,30,14,0.59,791,54,30,2,46.43,39.08,0.84,0.07,1,0,1,26,18,20,10,135
Sample_0198,0,113,0,65,111,160,124,75,258,69,41,1.70967741935484,1.58666666666667,1.51937984496124,1.3625,935,121,0.129411764705882,122,16,29,13,755,85,7,2,7,20,609,182,105,0.129411764705882,28,215,22,139,30,25,0.17,757,30,20,5,48.96,40.41,0.83,0.05,0,0,1,10,20,18,189,83
Sample_0199,1,72,0,59,85,44,92,42,30,20,10,1.68478260869565,1.09523809523809,2.36666666666667,1.09090909090909,967,110,0.113753877973113,137,19,20,23,768,79,5,3,2,21,666,115,122,0.113753877973113,25,131,19,81,19,14,0.04,768,40,21,6,51.17,40.85,0.8,0.07,0,0,0,19,6,4,10,82
Sample_0200,0,212,0,8,43,19,27,19,27,25,14,2.62962962962963,1.31578947368421,1.88888888888889,0.894736842105263,151,111,0.735099337748344,70,15,8,16,42,78,4,2,4,23,48,33,67,0.735099337748344,27,164,16,74,8,12,0.14,42,33,23,10,33.4,62.52,1.87,0.09,1,0,0,10,5,4,2,13
Sample_0201,0,39,0,43,64,43,63,29,121,17,12,1.65079365079365,0.862068965517241,1.88429752066116,1.86046511627907,696,89,0.127873563218391,146,17,11,17,505,61,4,4,2,18,416,117,128,0.127873563218391,31,80,23,51,21,26,0.58,505,21,19,0,54.62,40.68,0.74,0.04,0,0,1,3,11,7,104,51
Sample_0202,0,253,0,25,59,79,64,95,72,63,35,1.4375,1.29473684210526,1.0,0.886075949367089,184,69,0.375,76,16,12,10,70,52,6,1,3,7,65,43,71,0.375,24,269,18,152,15,6,0.03,71,16,8,11,31.94,62.29,1.95,0.04,1,0,0,9,9,9,9,29
Sample_0203,1,302,0,4,4,38,65,50,53,48,24,1.29230769230769,1.4,1.45283018867924,1.15789473684211,446,198,0.443946188340807,211,30,20,30,155,168,6,1,1,22,158,77,198,0.443946188340807,34,221,20,83,16,17,0.46,155,28,22,19,40.99,50.26,1.23,0.04,1,0,0,6,13,2,5,41
Sample_0204,0,459,0,7,25,56,44,57,145,126,17,1.45454545454546,1.10526315789474,1.71034482758621,1.14285714285714,288,148,0.513888888888889,154,27,22,22,63,121,6,3,2,16,58,71,155,0.513888888888889,37,383,18,190,12,19,0.07,64,33,17,16,37.24,55.16,1.48,0.09,0,0,0,17,6,3,19,27
Sample_0205,0,300,0,28,82,62,38,50,55,45,20,1.60526315789474,1.5,2.63636363636364,0.983870967741936,323,245,0.758513931888545,110,38,19,25,131,163,15,5,5,57,107,68,133,0.758513931888545,33,332,14,143,10,5,0.35,136,78,57,9,30.96,72.67,2.35,0.03,1,1,0,21,28,22,10,18
Sample_0206,0,317,0,34,91,45,45,43,52,48,24,1.55555555555556,1.11627906976744,1.69230769230769,0.555555555555556,236,85,0.360169491525424,124,26,19,10,57,58,7,0,5,15,59,49,120,0.360169491525424,25,277,7,97,9,3,0.03,57,20,15,9,33.58,53.65,1.6,0.05,1,1,0,5,10,19,4,21
Sample_0207,0,91,0,56,80,60,71,34,101,43,16,2.32394366197183,1.58823529411765,1.42574257425743,1.63333333333333,530,74,0.139622641509434,121,14,11,14,370,50,7,2,1,14,304,108,93,0.139622641509434,34,134,25,70,24,19,0.26,371,16,14,3,47.51,41.63,0.88,0.03,1,0,1,2,16,8,58,55
Sample_0208,0,214,0,17,61,45,51,37,23,12,26,1.33333333333333,1.67567567567568,1.39130434782609,0.8,242,148,0.611570247933884,117,17,24,16,68,123,7,3,4,11,68,64,106,0.611570247933884,21,234,13,100,10,13,0.16,69,34,12,16,139.5,36.55,0.26,0.05,0,0,0,23,15,14,11,25
Sample_0209,0,221,0,7,36,15,53,57,54,48,27,2.24528301886793,2.28070175438596,1.98148148148148,0.933333333333333,4953,20517,4.14233797698365,4557,203,43,38,112,18378,1828,146,101,64,153,277,4507,4.14233797698365,23,168,10,42,16,2,4.75,113,75,65,10,78.89,57.04,0.72,0.03,1,1,0,11,11,7,6,26
Sample_0210,1,102,0,13,45,20,56,44,15,8,15,1.625,1.43181818181818,0.8,0.85,397,106,0.267002518891688,140,20,15,27,195,68,10,2,2,24,158,82,142,0.267002518891688,27,114,16,66,9,8,0.12,196,45,25,8,43.34,48.1,1.11,0.05,0,0,0,21,7,12,7,41
Sample_0211,0,356,0,65,237,73,25,40,314,310,10,2.16,3.65,2.11783439490446,1.19178082191781,209,124,0.593301435406699,98,22,18,13,58,83,7,5,2,27,57,57,90,0.593301435406699,24,439,20,140,8,12,0.06,58,27,27,2,33.23,71.85,2.16,0.01,1,0,0,0,11,6,4,15
Sample_0212,0,851,0,4,54,119,72,104,522,504,49,0.972222222222222,1.66346153846154,1.97509578544061,1.33613445378151,383,133,0.347258485639687,198,33,21,15,116,94,8,4,3,24,100,91,180,0.347258485639687,28,708,16,275,11,5,0.25,117,123,26,19,42.01,46.62,1.11,0.04,1,0,0,99,3,7,18,23
Sample_0213,0,253,0,2,42,62,70,39,122,84,23,2.01428571428571,1.71794871794872,1.4344262295082,1.30645161290323,535,96,0.179439252336449,196,12,13,13,301,73,6,1,0,16,272,92,156,0.179439252336449,25,176,14,57,21,18,0.0,301,30,17,11,58.88,34.14,0.58,0.04,0,0,1,14,8,1,38,47
Sample_0214,0,204,0,7,60,50,155,47,26,21,26,1.33548387096774,0.851063829787234,1.03846153846154,0.64,1043,141,0.135186960690316,224,44,28,19,728,100,11,3,2,25,645,148,204,0.135186960690316,35,190,18,98,18,20,0.42,728,37,27,9,51.79,38.6,0.75,0.12,0,0,1,12,15,5,5,129
Sample_0215,0,367,0,12,34,94,165,52,32,22,37,1.71515151515152,0.942307692307692,1.46875,0.574468085106383,1088,187,0.171875,414,75,50,52,497,153,10,3,2,19,480,197,383,0.171875,36,364,12,134,21,14,0.63,497,51,21,13,50.54,37.62,0.74,0.0,1,0,0,32,7,15,10,128
Sample_0216,1,140,0,8,51,15,24,38,30,25,14,2.20833333333333,1.52631578947368,1.23333333333333,0.8,235,95,0.404255319148936,73,19,12,11,120,77,1,2,4,11,111,39,83,0.404255319148936,31,143,20,79,8,17,0.18,123,25,11,2,24.47,72.38,2.96,0.12,1,0,0,14,26,8,5,10
Sample_0217,1,18,0,46,47,44,121,35,12,7,13,1.41322314049587,0.6,3.75,0.477272727272727,1102,193,0.17513611615245,199,29,20,23,831,145,17,3,2,26,732,132,176,0.17513611615245,26,57,19,44,12,11,0.22,831,27,26,0,68.51,35.21,0.51,0.32,0,0,1,1,27,9,5,108
Sample_0218,0,157,0,20,62,41,38,47,17,16,16,0.763157894736842,0.914893617021277,1.52941176470588,0.780487804878049,319,112,0.351097178683386,147,26,11,14,121,85,5,4,4,14,110,69,130,0.351097178683386,29,201,20,135,10,14,1.08,125,29,15,14,41.83,55.13,1.32,0.34,1,0,0,15,28,7,1,22
Sample_0219,1,238,0,16,55,38,113,43,10,6,30,1.48672566371681,2.74418604651163,4.1,0.789473684210526,687,202,0.294032023289665,361,90,36,29,171,172,7,5,4,14,167,149,352,0.294032023289665,31,242,13,97,13,12,0.85,171,39,15,10,41.89,51.39,1.23,0.39,1,1,0,25,16,15,4,83
Sample_0220,0,42,0,50,74,230,43,43,300,21,7,1.23255813953488,0.930232558139535,1.4,0.808695652173913,550,96,0.174545454545455,76,17,12,15,430,72,1,3,4,16,369,91,75,0.174545454545455,31,115,24,75,24,21,0.67,431,33,17,1,60.21,47.4,0.79,0.43,0,0,1,17,18,14,279,36
Sample_0221,0,122,0,22,100,64,39,14,78,57,10,1.28205128205128,0.571428571428571,2.02564102564103,0.703125,440,108,0.245454545454546,91,16,15,10,308,76,8,0,3,21,277,62,90,0.245454545454546,26,143,15,45,25,10,0.09,308,39,21,1,52.49,44.69,0.85,0.13,0,0,1,18,8,8,21,29
Sample_0222,1,76,0,73,113,92,198,63,29,24,24,2.31313131313131,2.07936507936508,1.58620689655172,0.945652173913044,1524,205,0.134514435695538,286,88,28,42,1080,151,12,3,5,34,961,193,285,0.134514435695538,32,185,24,127,23,19,1.18,1080,49,34,3,56.11,38.18,0.68,0.1,1,0,1,15,36,16,5,174
Sample_0223,0,141,0,17,144,47,31,11,56,45,16,1.51612903225806,1.09090909090909,1.30357142857143,0.425531914893617,206,226,1.09708737864078,103,58,11,3,31,194,9,2,6,15,28,39,136,1.09708737864078,6,175,2,37,8,5,0.07,32,28,15,0,35.37,97.65,2.76,0.2,0,0,0,13,8,7,11,15
Sample_0224,0,50,0,52,64,102,38,34,173,15,13,1.21052631578947,1.14705882352941,1.36994219653179,0.901960784313726,627,89,0.141945773524721,91,32,13,14,477,60,7,5,0,17,408,104,104,0.141945773524721,33,94,24,51,30,16,0.24,477,29,17,1,51.69,43.8,0.85,0.21,0,0,1,12,10,11,158,25
Sample_0225,0,235,0,8,39,49,146,99,34,29,51,1.86986301369863,1.51515151515151,1.11764705882353,0.591836734693878,526,166,0.315589353612167,251,88,42,31,114,142,9,0,3,12,123,119,276,0.315589353612167,30,244,14,115,11,6,0.83,115,41,12,9,32.82,68.47,2.09,0.22,1,0,0,29,10,17,5,95
Sample_0226,0,246,0,5,39,18,46,57,73,70,31,0.847826086956522,1.05263157894737,1.53424657534247,0.666666666666667,313,204,0.651757188498403,144,67,14,17,71,176,10,0,3,15,74,68,164,0.651757188498403,25,242,13,113,4,6,0.44,75,53,16,1,35.09,63.5,1.81,0.11,1,1,0,38,23,16,3,15
Sample_0227,1,46,0,65,88,105,125,36,45,27,16,2.12,1.0,1.42222222222222,0.771428571428571,1229,278,0.22620016273393,293,98,36,41,761,222,16,5,7,28,665,161,331,0.22620016273393,30,138,24,98,23,17,0.64,763,33,29,0,68.59,34.36,0.5,0.1,0,0,0,5,56,10,18,109
Sample_0228,0,59,0,54,73,34,43,36,44,41,25,1.65116279069767,1.88888888888889,2.43181818181818,0.794117647058823,266,234,0.879699248120301,124,75,12,15,40,207,14,2,1,10,44,43,174,0.879699248120301,18,116,15,66,6,2,0.35,40,12,10,9,38.16,63.87,1.67,0.09,0,0,0,2,9,6,3,18
Sample_0229,0,14,0,8,31,14,8,7,3,3,3,1.125,1.85714285714286,0.666666666666667,0.857142857142857,186,180,0.967741935483871,77,65,6,8,30,161,7,1,3,8,22,42,121,0.967741935483871,8,22,5,10,5,4,0.01,30,11,8,0,47.81,79.32,1.66,0.02,0,0,0,3,4,4,0,5
Sample_0230,0,346,0,32,115,112,102,57,171,143,35,1.64705882352941,1.24561403508772,1.26315789473684,0.991071428571429,404,284,0.702970297029703,168,78,30,23,105,239,19,4,4,18,88,93,215,0.702970297029703,25,395,15,225,7,10,0.92,106,35,18,8,43.36,49.41,1.14,0.01,0,0,0,17,26,15,28,67
Sample_0231,0,64,0,51,80,38,39,29,46,43,6,1.35897435897436,1.48275862068966,1.56521739130435,1.0,374,253,0.676470588235294,159,69,19,18,109,215,10,3,4,21,96,71,187,0.676470588235294,28,124,23,75,12,9,1.17,110,22,21,9,45.78,53.2,1.16,0.0,1,1,0,1,20,9,3,33
Sample_0232,1,138,0,7,33,138,150,57,16,9,26,1.66666666666667,1.7719298245614,1.0625,0.826086956521739,1591,158,0.0993086109365179,305,44,24,27,1191,104,13,0,6,35,1070,183,258,0.0993086109365179,30,118,20,54,33,11,0.91,1192,44,35,10,61.38,32.79,0.53,0.0,1,0,0,9,7,7,7,124
Sample_0233,0,511,0,3,4,126,138,68,403,161,46,1.51449275362319,1.38235294117647,1.53846153846154,1.42857142857143,1045,224,0.214354066985646,239,65,22,21,698,197,8,3,5,11,595,147,256,0.214354066985646,38,433,15,136,36,13,0.15,698,66,11,4,71.79,29.6,0.41,0.0,1,0,1,55,4,9,242,92
Sample_0234,1,371,0,30,91,200,148,92,302,69,45,1.56081081081081,1.35869565217391,1.64900662251656,1.215,1541,187,0.121349772874757,282,74,20,22,1143,145,8,5,2,27,955,263,282,0.121349772874757,38,430,20,184,28,13,0.53,1143,51,27,8,54.88,34.2,0.62,0.02,0,0,0,24,15,27,233,103
Sample_0235,0,44,0,38,49,22,26,33,6,5,7,1.07692307692308,0.848484848484849,5.33333333333333,0.681818181818182,400,124,0.31,169,37,17,10,167,99,8,3,1,13,175,56,161,0.31,23,92,18,57,10,11,0.37,167,21,13,16,39.78,46.43,1.17,0.02,0,0,0,8,18,10,1,19
Sample_0236,0,591,0,14,94,82,58,88,563,541,38,1.32758620689655,1.36363636363636,1.68738898756661,1.68292682926829,442,225,0.509049773755656,238,89,18,22,75,195,7,3,4,16,91,86,260,0.509049773755656,28,549,17,207,10,8,0.6,75,61,18,8,44.1,49.05,1.11,0.13,1,0,0,45,9,9,22,20
Sample_0237,0,288,0,21,67,74,69,57,51,40,44,1.6231884057971,0.824561403508772,2.45098039215686,0.716216216216216,528,340,0.643939393939394,206,101,42,25,154,291,12,5,5,27,143,124,244,0.643939393939394,28,299,14,93,10,6,0.81,154,45,27,13,41.91,49.03,1.17,0.06,1,1,0,18,18,8,11,25
Sample_0238,0,124,0,16,66,11,40,18,48,42,11,1.55,2.77777777777778,1.4375,0.727272727272727,404,265,0.655940594059406,168,26,21,22,167,221,13,4,9,18,170,62,161,0.655940594059406,28,183,23,124,3,17,1.02,169,42,19,7,41.91,47.57,1.14,0.05,1,1,0,24,27,12,6,29
Sample_0239,0,261,0,20,84,30,43,75,92,85,27,1.74418604651163,0.893333333333333,1.3695652173913,1.3,330,225,0.681818181818182,128,34,13,25,130,184,11,3,5,22,120,67,135,0.681818181818182,25,267,10,78,9,9,0.57,131,41,22,23,37.48,70.57,1.88,0.1,1,1,0,19,11,13,7,16
Sample_0240,0,331,0,16,95,195,130,87,330,114,29,1.41538461538462,1.33333333333333,1.5,1.22564102564103,1470,226,0.153741496598639,309,85,30,23,1023,197,7,3,2,17,881,231,321,0.153741496598639,39,330,17,136,31,18,1.03,1024,37,18,5,57.86,37.61,0.65,0.1,1,0,0,20,12,9,216,101
Sample_0241,0,267,0,17,64,118,53,65,37,31,36,1.18867924528302,2.70769230769231,0.783783783783784,0.542372881355932,484,238,0.491735537190083,230,51,23,37,143,207,10,1,6,14,149,93,234,0.491735537190083,27,294,9,109,14,9,0.6,144,45,17,24,27.27,80.02,2.93,0.16,1,1,0,31,17,8,6,17
Sample_0242,0,336,0,2,5,5,25,38,34,30,17,1.08,0.921052631578947,1.55882352941176,1.8,265,217,0.818867924528302,118,85,20,12,30,193,11,2,2,9,39,41,177,0.818867924528302,38,291,15,141,7,15,0.15,33,48,10,9,31.15,73.68,2.37,0.06,1,0,0,39,11,7,4,8
Sample_0243,0,202,0,14,65,72,59,27,158,16,14,1.8135593220339,2.37037037037037,1.72151898734177,1.41666666666667,850,163,0.191764705882353,149,85,3,19,594,133,6,2,4,18,505,121,204,0.191764705882353,35,212,22,118,28,25,1.16,594,42,18,4,42.92,45.08,1.05,0.0,1,1,0,24,14,10,142,45
Sample_0244,0,36,0,49,81,63,138,28,11,8,15,2.33333333333333,1.28571428571429,2.36363636363636,1.11111111111111,1180,316,0.267796610169492,296,48,28,27,781,216,22,5,3,70,691,152,282,0.267796610169492,24,96,17,64,28,15,0.48,781,79,70,1,54.08,46.71,0.86,0.02,0,0,1,9,21,9,3,123
Sample_0245,0,200,0,9,54,96,102,38,120,19,20,1.62745098039216,1.60526315789474,1.29166666666667,1.22916666666667,839,186,0.221692491060787,138,24,9,14,654,143,9,0,2,32,538,142,118,0.221692491060787,36,191,19,113,32,21,0.43,656,46,32,8,50.28,40.84,0.81,0.03,0,0,0,14,17,9,101,82
Sample_0246,0,250,0,4,38,70,67,53,110,39,28,1.47761194029851,2.09433962264151,1.53636363636364,1.34285714285714,626,218,0.348242811501598,208,73,15,17,313,184,9,2,3,20,274,114,222,0.348242811501598,29,228,11,76,20,11,0.33,314,50,20,6,58.43,41.51,0.71,0.04,0,0,1,30,11,6,71,39
Sample_0247,0,315,0,6,25,17,99,45,25,22,39,1.14141414141414,1.04444444444444,0.92,0.823529411764706,655,339,0.517557251908397,287,134,41,36,157,291,18,5,8,17,144,152,349,0.517557251908397,34,294,14,86,12,5,0.64,160,53,20,5,39.03,54.1,1.39,0.0,0,0,0,36,12,6,3,60
Sample_0248,0,27,0,46,68,61,156,55,15,11,15,1.60897435897436,1.87272727272727,0.266666666666667,0.786885245901639,855,145,0.169590643274854,176,30,29,26,594,101,8,5,2,29,519,114,174,0.169590643274854,29,84,23,64,16,16,0.34,594,34,29,0,55.53,38.19,0.69,0.0,0,0,0,5,39,6,4,141
Sample_0249,0,410,0,5,40,141,96,85,53,49,61,1.42708333333333,1.50588235294118,1.62264150943396,0.645390070921986,606,257,0.424092409240924,262,127,43,20,154,225,11,4,2,15,149,147,297,0.424092409240924,30,387,13,93,10,12,0.75,154,31,15,24,43.97,59.96,1.36,0.3,0,0,0,16,5,6,4,35
Sample_0250,0,105,0,23,64,15,66,24,54,39,35,1.37878787878788,1.08333333333333,0.907407407407407,0.8,84,80,0.952380952380952,47,5,4,5,23,64,4,3,2,7,19,23,40,0.952380952380952,27,149,22,126,4,13,0.03,24,17,7,4,33.94,64.23,1.89,0.26,1,1,0,10,26,5,15,31
Sample_0251,1,107,0,36,93,89,93,72,97,81,17,1.96774193548387,2.05555555555556,1.11340206185567,0.573033707865168,538,155,0.288104089219331,133,24,5,8,368,119,9,5,2,20,326,67,118,0.288104089219331,26,142,15,57,24,15,0.17,368,24,20,3,49.79,53.19,1.07,0.07,0,0,0,4,21,8,16,76
Sample_0252,0,245,0,16,66,161,74,92,44,30,42,1.10810810810811,0.989130434782609,1.43181818181818,0.590062111801242,314,169,0.538216560509554,106,30,22,10,146,126,11,3,2,27,146,73,89,0.538216560509554,23,245,10,68,6,8,0.4,146,41,28,20,32.6,77.33,2.37,0.0,0,0,0,14,3,2,14,32
Sample_0253,1,67,0,55,80,59,61,15,147,62,7,1.14754098360656,1.33333333333333,1.80272108843537,1.06779661016949,624,128,0.205128205128205,119,16,9,8,472,95,3,1,7,22,401,91,110,0.205128205128205,30,140,24,87,23,19,0.39,473,38,25,0,54.46,41.34,0.76,0.05,0,0,1,16,18,10,85,54
Sample_0254,1,620,0,3,56,56,39,33,275,272,22,1.64102564102564,1.06060606060606,1.90909090909091,0.553571428571429,334,149,0.446107784431138,104,22,11,10,187,119,4,4,2,20,191,42,97,0.446107784431138,25,453,16,125,14,13,0.35,187,45,22,10,42.2,61.66,1.46,0.0,1,1,1,25,6,6,3,17
Sample_0255,0,100,0,19,135,32,9,9,4,1,1,0.666666666666667,1.55555555555556,2.25,2.25,57,43,0.754385964912281,38,5,3,2,9,39,1,0,0,3,9,16,31,0.754385964912281,13,145,6,62,1,1,0.0,9,32,3,0,21.13,95.74,4.53,0.0,0,0,0,29,16,7,3,8
