SAMPLE_ID,BRCA1/2_mut,other_HRR_gene_mutation_somatic,sv_trans_frac,sv_del_frac,sv_inv_frac,sv_tadem_dup_frac,sv_n_all_sv,sv_n_svclass_stdev,sv_microhom_deletion_mean,sv_microhom_inversion_mean,sv_microhom_tandem-duplication_mean,sv_microhom_translocation_mean,indel_n_del,indel_n_ins,ins_indel_ratio,del_indel_ratio,indel_DEL_len_1,indel_DEL_len_2,indel_DEL_len_3,indel_DEL_len_4,indel_DEL_len_inf,indel_INS_len_1,indel_INS_len_2,indel_INS_len_3,indel_INS_len_4,indel_INS_len_inf,indel_DEL_mh,indel_DEL_noMHstatus,indel_DEL_rep,indel_del_mh_ratio,Telomeric_AI,Interstitial_AI,Telomeric_LOH,Interstitial_LOH,LST_count,LOH_count,MSI,cnv_DEL_0_3500_sum_indel_DEL_len_inf,indel_INS_len_inf_sum_cnv_DUP_0_30000,indel_INS_len_inf_sum_cnv_DUP_0_1000,frac_cnv_DUP_len_30000_inf,frac_cnv_DEL_len_100000_inf,frac_cnv_DIPLOID_len_100000_inf,frac_sv_dup_30000+,frac_sv_del_frac,frac_sv_del_100000+,FBI_relaxed,percent_all_cc2ca,percent_all_cc2ct,cc2ca_vs_cc2ct,SBS31,ccne1_amp,resistant_ccne1_over_6,frac_cnv_DUP_len_0_30000,frac_cnv_DEL_len_0_100000,frac_cnv_DIPLOID_len_0_100000,frac_sv_dup_0_30000,frac_sv_del_0_100000,labels_v1
Sample_0003,1,0,0.264367816091954,0.14367816091954,0.459770114942529,0.132183908045977,174,22.9183332727317,0.56,0.65,1.47826086956522,0.5,355,270,0.432,0.568,162,42,20,17,114,190,13,5,7,55,94,81,180,0.2647887324,21,294,12,67,10,6,0.24,115,78,56,0.934659090909091,0.777777777777778,0.814814814814815,1.0,0.0057142857142857,0.596571428571429,25,32.34,65.96,2.04,0.56,1,1,0.0653409090909089,0.222222222222222,0.185185185185185,0.0,0.403428571428571,1
Sample_0004,0,1,0.246753246753247,0.311688311688312,0.125541125541126,0.316017316017316,462,35.5351938224628,1.47222222222222,1.08620689655172,1.16438356164384,1.20175438596491,1264,183,0.1264685556,0.8735314444,258,57,35,26,888,121,13,5,5,39,821,191,252,0.6495253165,34,373,18,138,39,20,0.4,891,68,40,0.924083769633508,0.473684210526316,0.771186440677966,0.205479452054795,0.0021598272138228,0.194024478041757,7,61.72,42.15,0.68,0.47,0,0,0.0759162303664919,0.5263157894736841,0.2288135593220339,0.794520547945205,0.805975521958243,1
Sample_0006,0,0,0.517241379310345,0.413793103448276,0.0689655172413793,0.0,29,5.55777733351102,0.5,0.0,0.0,0.2,202,231,0.5334872979,0.4665127021,78,27,7,11,79,172,16,1,1,41,57,34,111,0.2821782178,13,42,9,23,3,4,0.02,79,47,41,0.739130434782609,0.806451612903226,0.851063829787234,0.0,0.0333333333333333,0.402777777777778,0,53.66,97.24,1.81,0.43,1,1,0.260869565217391,0.193548387096774,0.1489361702127659,1.0,0.597222222222222,0
Sample_0009,1,0,0.301703163017032,0.133819951338199,0.114355231143552,0.450121654501217,411,56.1354388955854,0.636363636363636,0.553191489361702,1.03243243243243,0.758064516129032,766,314,0.2907407407,0.7092592593,211,36,25,14,480,182,21,5,4,102,394,145,227,0.5143603133,38,214,27,131,28,28,0.03,482,117,102,0.8828125,0.76530612244898,0.899280575539568,0.443243243243243,0.0024271844660194,0.308340688437776,1,68.43,53.85,0.79,0.68,0,0,0.1171875,0.23469387755102,0.100719424460432,0.5567567567567571,0.691659311562224,1
Sample_0011,0,0,0.233532934131737,0.0838323353293413,0.109780439121757,0.572854291417166,501,97.5919438273467,1.21428571428571,0.872727272727273,2.03135888501742,0.401709401709402,442,449,0.5039281706,0.4960718294,254,44,15,19,110,312,33,10,10,84,77,104,261,0.1742081448,25,411,11,87,13,8,0.29,110,109,84,0.958745874587459,0.428571428571428,0.96969696969697,0.97212543554007,0.0019920318725099,0.546528173022197,15,59.57,47.15,0.79,0.56,1,0,0.041254125412541,0.5714285714285721,0.03030303030303,0.0278745644599299,0.4534718269778029,1
Sample_0012,0,0,0.212048192771084,0.455421686746988,0.159036144578313,0.173493975903615,415,49.8717104178311,1.41269841269841,0.909090909090909,0.930555555555556,0.545454545454545,1058,178,0.144012945,0.855987055,195,50,23,18,772,98,10,4,5,61,715,142,201,0.6758034026,37,210,26,111,37,24,0.02,772,66,61,0.962686567164179,0.784090909090909,0.930232558139535,0.875,0.0024038461538461,0.126678876678877,9,51.51,44.07,0.86,0.56,0,0,0.037313432835821,0.215909090909091,0.069767441860465,0.125,0.873321123321123,0
Sample_0013,1,1,0.262162162162162,0.210810810810811,0.116216216216216,0.410810810810811,370,39.436658073422,1.02564102564103,1.23255813953488,1.10526315789474,0.597938144329897,1010,372,0.2691751085,0.7308248915,227,48,20,39,676,270,23,9,8,62,607,192,211,0.600990099,35,251,26,152,19,12,0.36,676,70,62,0.941176470588235,0.8,0.85207100591716,0.493421052631579,0.0026954177897574,0.34522081691893,0,40.9,70.89,1.73,0.38,0,0,0.058823529411765,0.1999999999999999,0.14792899408284,0.506578947368421,0.6547791830810701,1
Sample_0014,0,0,0.194560669456067,0.251046025104602,0.205020920502092,0.349372384937238,478,29.2446576317795,1.025,0.683673469387755,1.04191616766467,0.387096774193548,727,630,0.4642593957,0.5357406043,272,78,39,42,296,449,24,10,11,136,249,147,331,0.3425034388,34,337,21,168,16,19,0.11,296,152,137,0.951367781155015,0.619047619047619,0.961538461538462,0.838323353293413,0.0020876826722338,0.48232428670842,25,51.37,60.58,1.18,0.29,1,0,0.048632218844985,0.380952380952381,0.0384615384615379,0.161676646706587,0.51767571329158,0
Sample_0015,0,1,0.131474103585657,0.49800796812749,0.183266932270916,0.187250996015936,251,36.361896265184,0.84,0.673913043478261,1.02127659574468,0.575757575757576,310,191,0.381237525,0.618762475,79,27,10,11,183,119,9,3,0,60,164,46,100,0.5290322581,34,308,18,132,18,6,0.0,184,81,62,0.934782608695652,0.673469387755102,0.941666666666667,0.531914893617021,0.0039682539682539,0.191238095238095,11,58.0,45.01,0.78,0.69,0,0,0.065217391304348,0.326530612244898,0.058333333333333,0.4680851063829789,0.808761904761905,1
Sample_0016,0,0,0.288235294117647,0.223529411764706,0.126470588235294,0.361764705882353,340,29.4023808559783,1.30263157894737,1.16279069767442,1.17073170731707,0.408163265306123,1117,300,0.2117148906,0.7882851094,241,39,28,26,783,191,22,8,7,72,701,162,254,0.6275738585,36,235,27,148,27,35,0.02,784,82,72,0.92,0.829268292682927,0.937007874015748,0.390243902439024,0.002932551319648,0.301744096311159,5,59.04,43.26,0.73,0.34,0,0,0.0799999999999999,0.170731707317073,0.0629921259842519,0.6097560975609759,0.6982559036888409,1
Sample_0017,0,0,0.297994269340974,0.392550143266476,0.183381088825215,0.126074498567335,349,35.9400542570542,0.802919708029197,1.171875,0.954545454545455,0.269230769230769,506,355,0.412311266,0.587688734,216,61,26,22,181,188,20,4,4,139,155,124,227,0.3063241107,35,345,20,222,9,17,1.16,183,167,139,0.909967845659164,0.535211267605634,0.841269841269841,0.681818181818182,0.0028571428571428,0.45126173096976,3,32.85,83.88,2.55,0.41,1,1,0.090032154340836,0.464788732394366,0.158730158730159,0.318181818181818,0.54873826903024,0
Sample_0018,1,1,0.464516129032258,0.219354838709678,0.206451612903226,0.109677419354839,310,40.5801675698857,0.970588235294118,1.125,1.05882352941176,0.451388888888889,517,259,0.3337628866,0.6662371134,190,86,32,48,161,138,10,3,6,102,142,113,262,0.2746615087,35,338,17,140,6,15,1.88,161,126,103,0.926605504587156,0.585365853658537,0.870967741935484,0.911764705882353,0.0032154340836012,0.454416493285417,15,30.29,72.34,2.39,0.75,1,1,0.073394495412844,0.414634146341463,0.129032258064516,0.0882352941176469,0.545583506714583,0
Sample_0019,1,0,0.329203539823009,0.136283185840708,0.164601769911504,0.369911504424779,565,57.1155626777851,1.14285714285714,1.13978494623656,0.956937799043062,0.967741935483871,719,203,0.2201735358,0.7798264642,205,43,24,16,431,137,12,3,2,49,391,125,203,0.5438108484,39,429,25,206,35,22,0.28,431,91,50,0.901639344262295,0.714285714285714,0.82,0.186602870813397,0.0017667844522968,0.505598641641044,16,53.82,40.27,0.75,0.51,1,1,0.098360655737705,0.285714285714286,0.18,0.813397129186603,0.494401358358956,1
Sample_0020,1,0,0.236842105263158,0.559808612440191,0.0909090909090909,0.11244019138756,418,78.3086840650512,1.74786324786325,1.26315789473684,1.51063829787234,1.2020202020202,1541,245,0.1371780515,0.8628219485,267,61,27,27,1159,161,14,5,7,58,1108,159,274,0.7190136275,30,174,24,127,36,28,0.27,1159,60,59,0.972602739726027,0.704918032786885,0.908256880733945,0.829787234042553,0.0023866348448687,0.10231931950309,0,49.55,49.69,1.0,0.37,0,0,0.027397260273973,0.2950819672131149,0.091743119266055,0.170212765957447,0.89768068049691,1
Sample_0022,1,1,0.364485981308411,0.378504672897196,0.158878504672897,0.0981308411214953,214,26.4244205234476,1.03703703703704,0.470588235294118,1.85714285714286,0.564102564102564,1079,299,0.2169811321,0.7830188679,187,64,37,35,756,149,18,2,4,126,702,139,238,0.6506024096,40,285,27,135,25,23,0.53,756,140,126,0.96056338028169,0.125,0.75,0.714285714285714,0.0046511627906976,0.208900373241458,2,60.68,37.77,0.62,0.33,0,0,0.03943661971831,0.875,0.25,0.285714285714286,0.791099626758542,1
Sample_0023,0,0,0.267898383371824,0.249422632794457,0.143187066974596,0.339491916859122,433,30.4168949763121,1.15740740740741,0.919354838709677,1.36054421768708,0.706896551724138,1107,271,0.1966618287,0.8033381713,240,76,23,39,729,141,19,8,5,98,604,210,293,0.5456187895,37,300,23,132,30,26,0.29,729,129,100,0.90519877675841,0.523809523809524,0.858974358974359,0.346938775510204,0.0023041474654377,0.267899812254651,15,59.28,40.03,0.68,0.57,1,1,0.09480122324159,0.476190476190476,0.1410256410256409,0.653061224489796,0.732100187745349,0
Sample_0024,1,0,0.289808917197452,0.277070063694268,0.117834394904459,0.315286624203822,314,24.3464576478797,1.74712643678161,0.756756756756757,1.03030303030303,0.538461538461538,850,198,0.1889312977,0.8110687023,162,34,29,23,602,116,10,3,7,62,526,145,179,0.6188235294,32,194,22,63,26,20,0.01,602,69,63,0.966981132075472,0.578947368421053,0.857142857142857,0.252525252525252,0.0031746031746031,0.171866447728517,7,55.43,38.27,0.69,0.33,0,0,0.033018867924528,0.421052631578947,0.142857142857143,0.7474747474747481,0.828133552271483,0
Sample_0025,0,0,0.351351351351351,0.234234234234234,0.306306306306306,0.108108108108108,111,10.2072278312968,1.69230769230769,0.852941176470588,1.58333333333333,0.153846153846154,186,167,0.4730878187,0.5269121813,70,23,11,8,74,107,10,3,2,45,51,34,101,0.2741935484,24,128,15,75,7,15,0.01,74,57,45,0.853658536585366,0.621212121212121,0.918367346938776,0.666666666666667,0.0089285714285714,0.343063186813187,15,33.5,75.09,2.24,0.78,0,0,0.146341463414634,0.378787878787879,0.081632653061224,0.333333333333333,0.656936813186813,1
Sample_0026,0,0,0.325966850828729,0.110497237569061,0.160220994475138,0.403314917127072,181,21.5682057668226,0.25,0.379310344827586,0.89041095890411,0.338983050847458,253,277,0.5226415094,0.4773584906,101,41,11,13,87,173,9,1,3,91,58,59,136,0.2292490119,21,243,11,109,5,9,0.07,88,102,91,0.95045045045045,0.458333333333333,0.820754716981132,0.821917808219178,0.0054945054945054,0.348076923076923,6,30.05,85.74,2.85,0.4,0,0,0.04954954954955,0.541666666666667,0.179245283018868,0.1780821917808219,0.651923076923077,1
Sample_0027,0,0,0.295938104448743,0.264990328820116,0.259187620889749,0.179883945841393,517,22.1401784093986,1.15328467153285,0.776119402985075,0.731182795698925,0.450980392156863,485,280,0.3660130719,0.6339869281,233,61,23,9,159,179,15,2,9,75,132,118,235,0.2721649485,35,310,18,130,15,23,0.04,162,97,77,0.928571428571429,0.72972972972973,0.946666666666667,0.838709677419355,0.0019305019305019,0.458966265535609,39,42.94,54.23,1.26,0.33,1,0,0.0714285714285709,0.2702702702702699,0.053333333333333,0.161290322580645,0.541033734464391,0
Sample_0031,0,0,0.308712121212121,0.132575757575758,0.244318181818182,0.314393939393939,528,38.6328875441637,0.728571428571429,0.472868217054264,1.07228915662651,0.43558282208589,975,571,0.3693402329,0.6306597671,523,98,51,32,271,378,35,10,13,135,255,179,541,0.2615384615,33,479,19,181,7,15,0.47,271,154,136,0.959830866807611,0.875,0.949152542372881,0.963855421686747,0.0018903591682419,0.4705374021064,43,34.7,71.41,2.06,0.32,1,0,0.040169133192389,0.125,0.0508474576271189,0.036144578313253,0.5294625978936001,1
Sample_0032,0,0,0.504065040650406,0.16260162601626,0.276422764227642,0.056910569105691,246,40.825849654355,0.95,0.882352941176471,0.928571428571429,0.266129032258065,251,243,0.491902834,0.508097166,90,36,10,12,103,117,13,2,2,109,86,55,110,0.3426294821,29,313,15,113,12,12,0.01,105,131,109,0.951002227171492,0.307692307692308,0.833333333333333,0.714285714285714,0.0040485829959514,0.522874493927125,23,36.07,82.3,2.28,0.43,0,0,0.048997772828508,0.6923076923076921,0.1666666666666669,0.285714285714286,0.4771255060728749,1
Sample_0033,0,0,0.8,0.114285714285714,0.0571428571428571,0.0285714285714286,35,11.1663557170637,0.25,0.0,0.0,0.0714285714285714,362,168,0.3169811321,0.6830188679,214,38,11,15,84,103,4,2,2,57,62,75,225,0.1712707182,11,49,3,17,0,3,0.01,84,61,57,0.92,0.416666666666667,0.972602739726027,1.0,0.0277777777777778,0.486111111111111,0,48.37,86.46,1.79,0.56,0,0,0.0799999999999999,0.583333333333333,0.027397260273973,0.0,0.5138888888888891,1
Sample_0034,1,0,0.264887063655031,0.15605749486653,0.197125256673511,0.381930184804928,487,41.6435769357052,2.11842105263158,0.833333333333333,1.16666666666667,0.503875968992248,675,165,0.1964285714,0.8035714286,164,36,18,27,430,94,10,3,6,52,375,109,191,0.5555555556,27,265,20,135,19,12,0.01,430,69,54,0.901734104046243,0.810126582278481,0.898203592814371,0.688172043010753,0.0020491803278688,0.354535159620362,2,55.63,36.89,0.66,0.9,1,0,0.098265895953757,0.189873417721519,0.1017964071856289,0.311827956989247,0.645464840379638,1
Sample_0035,1,0,0.377450980392157,0.397058823529412,0.151960784313726,0.0735294117647059,204,28.6006992921502,1.23456790123457,0.548387096774194,1.06666666666667,0.61038961038961,632,183,0.2245398773,0.7754601227,117,39,19,22,435,77,6,1,5,94,404,103,125,0.6392405063,34,260,22,103,27,22,0.0,435,117,95,0.9004329004329,0.75609756097561,0.954887218045113,0.866666666666667,0.0048780487804878,0.0859981933152665,3,44.28,38.85,0.88,0.3,0,0,0.0995670995670999,0.24390243902439,0.0451127819548869,0.1333333333333329,0.9140018066847336,1
Sample_0037,1,0,0.262390670553936,0.448979591836735,0.183673469387755,0.104956268221574,343,43.7856997203425,1.22077922077922,0.698412698412698,1.41666666666667,0.566666666666667,889,167,0.1581439394,0.8418560606,132,34,23,16,684,125,5,2,5,30,622,119,148,0.6996625422,38,154,24,83,27,17,0.0,684,34,30,0.973684210526316,0.739130434782609,0.926829268292683,0.722222222222222,0.002906976744186,0.168340380549683,11,58.76,37.77,0.64,0.72,0,0,0.0263157894736839,0.260869565217391,0.073170731707317,0.277777777777778,0.831659619450317,1
Sample_0038,1,0,0.404761904761905,0.329931972789116,0.210884353741497,0.054421768707483,294,38.9262122483038,1.43298969072165,0.661290322580645,1.125,0.680672268907563,445,248,0.3578643579,0.6421356421,102,12,8,16,307,192,5,3,0,48,280,63,102,0.6292134831,38,346,15,117,30,21,0.01,307,54,48,0.985882352941176,0.75,0.923076923076923,1.0,0.0033898305084745,0.390424602481216,10,49.26,41.8,0.85,0.21,1,1,0.014117647058824,0.25,0.0769230769230769,0.0,0.609575397518784,0
Sample_0039,1,0,0.219941348973607,0.390029325513197,0.187683284457478,0.202346041055718,341,27.8421892099023,0.924812030075188,0.875,1.0,0.586666666666667,489,276,0.3607843137,0.6392156863,226,68,34,34,127,175,15,2,8,76,131,94,264,0.2678936605,37,336,15,127,12,23,0.02,127,93,76,0.961098398169336,0.4,0.772727272727273,0.797101449275362,0.0029239766081871,0.412324671327441,15,39.63,45.0,1.14,0.8,0,0,0.038901601830664,0.6,0.2272727272727269,0.202898550724638,0.587675328672559,1
Sample_0040,0,0,0.356164383561644,0.175799086757991,0.30365296803653,0.164383561643836,438,35.9756862338997,0.558441558441558,0.804511278195489,0.694444444444444,0.461538461538462,524,373,0.4158305463,0.5841694537,219,57,18,14,216,201,28,6,12,126,154,95,275,0.2938931298,29,258,4,65,12,4,0.04,216,137,126,0.966360856269113,0.666666666666667,0.857142857142857,0.847222222222222,0.0022779043280182,0.738573499393545,35,41.89,44.27,1.06,0.96,1,1,0.0336391437308869,0.333333333333333,0.142857142857143,0.152777777777778,0.261426500606455,0
Sample_0044,1,0,0.308510638297872,0.393617021276596,0.194148936170213,0.103723404255319,376,41.4306649717332,1.2972972972973,0.643835616438356,0.717948717948718,0.53448275862069,359,230,0.3904923599,0.6095076401,153,35,22,22,127,135,6,4,1,84,102,67,190,0.2841225627,29,340,14,125,6,10,0.0,127,95,84,0.963696369636964,0.641025641025641,0.931034482758621,0.82051282051282,0.0026525198938992,0.491934905728009,8,38.07,66.36,1.74,0.14,1,0,0.0363036303630359,0.358974358974359,0.068965517241379,0.1794871794871799,0.508065094271991,1
Sample_0045,0,0,0.268115942028985,0.19927536231884,0.114130434782609,0.418478260869565,552,61.5589148702282,1.05454545454545,0.476190476190476,1.02597402597403,0.560810810810811,837,273,0.2459459459,0.7540540541,215,56,23,35,508,147,13,3,5,105,447,147,243,0.5340501792,36,274,16,127,34,15,0.49,508,112,106,0.977848101265823,0.625,0.933333333333333,0.307359307359307,0.0018083182640144,0.462797961532139,12,43.72,43.78,1.0,0.8,1,0,0.022151898734177,0.375,0.0666666666666669,0.692640692640693,0.5372020384678611,1
Sample_0047,1,0,0.329032258064516,0.356989247311828,0.16989247311828,0.144086021505376,465,43.6999713958716,1.06626506024096,0.607594936708861,1.08955223880597,0.777777777777778,1309,303,0.1879652605,0.8120347395,223,47,15,13,1011,164,23,5,10,101,912,174,223,0.6967150497,40,262,23,125,31,19,0.0,1011,125,101,0.906614785992218,0.930232558139535,0.977011494252874,0.805970149253731,0.0021459227467811,0.198368581622628,13,47.97,36.73,0.77,0.17,0,0,0.0933852140077819,0.069767441860465,0.0229885057471259,0.194029850746269,0.8016314183773721,1
Sample_0052,0,0,0.502890173410405,0.0404624277456647,0.0635838150289017,0.393063583815029,173,34.9311823447189,0.571428571428571,0.909090909090909,0.691176470588235,0.28735632183908,205,197,0.4900497512,0.5099502488,110,28,13,14,40,146,13,0,2,36,38,42,125,0.1853658537,17,247,6,109,1,0,0.0,42,69,37,0.839805825242718,0.642105263157895,0.963265306122449,0.838235294117647,0.0057471264367816,0.852216748768473,1,31.45,92.43,2.94,0.85,0,0,0.160194174757282,0.357894736842105,0.036734693877551,0.161764705882353,0.147783251231527,1
Sample_0053,0,0,0.337606837606838,0.239316239316239,0.145299145299145,0.277777777777778,234,16.3477827242718,1.30357142857143,1.20588235294118,1.15384615384615,1.12658227848101,231,188,0.4486873508,0.5513126492,78,34,9,4,106,128,12,2,1,45,65,53,113,0.2813852814,17,138,11,58,9,4,0.0,106,57,45,0.895652173913044,0.847826086956522,0.956896551724138,0.923076923076923,0.0042553191489361,0.497872340425532,9,36.96,60.63,1.64,0.26,1,1,0.104347826086956,0.152173913043478,0.0431034482758619,0.0769230769230769,0.5021276595744679,1
Sample_0057,0,1,0.369565217391304,0.352173913043478,0.0695652173913043,0.208695652173913,230,27.9329554469268,1.59259259259259,0.75,0.875,0.552941176470588,819,339,0.292746114,0.707253886,160,40,17,15,587,181,19,4,14,121,514,133,172,0.6275946276,29,106,23,57,30,16,0.37,587,126,121,0.925373134328358,0.716417910447761,0.935064935064935,0.375,0.0043290043290043,0.208967986745765,0,62.66,49.13,0.78,1.0,0,0,0.074626865671642,0.2835820895522389,0.0649350649350649,0.625,0.791032013254235,1
Sample_0062,0,0,0.200404858299595,0.265182186234818,0.101214574898785,0.433198380566802,494,59.6845876252823,1.23664122137405,1.12,1.33644859813084,0.797979797979798,1024,222,0.1781701445,0.8218298555,181,55,25,23,740,135,16,2,9,60,628,203,193,0.61328125,37,350,24,196,29,26,0.14,740,83,60,0.940104166666667,0.541666666666667,0.91304347826087,0.238317757009346,0.002020202020202,0.304726655871694,11,42.57,54.34,1.28,0.4,1,0,0.059895833333333,0.458333333333333,0.08695652173913,0.761682242990654,0.695273344128306,1
Sample_0074,0,0,0.0728831725616292,0.0911039657020364,0.129689174705252,0.706323687031083,933,246.550577975392,0.905882352941176,1.15702479338843,1.23672230652504,0.720588235294118,469,261,0.3575342466,0.6424657534,174,61,27,20,187,149,16,4,2,90,166,86,217,0.3539445629,29,416,23,214,17,24,0.3,187,91,91,0.99738219895288,0.78125,0.97887323943662,0.83763277693475,0.0010706638115631,0.411323844312886,13,37.05,63.77,1.72,0.24,1,1,0.0026178010471199,0.21875,0.02112676056338,0.1623672230652499,0.5886761556871141,0
Sample_0083,0,0,0.271604938271605,0.172839506172839,0.382716049382716,0.172839506172839,81,7.01338006955277,0.571428571428571,0.806451612903226,2.92857142857143,0.0909090909090909,224,254,0.5313807531,0.4686192469,73,29,12,18,92,177,16,4,1,56,77,24,123,0.34375,6,70,3,19,3,3,0.01,92,60,56,0.929824561403509,0.545454545454545,0.895522388059702,0.785714285714286,0.0121951219512195,0.776132404181185,0,33.52,80.12,2.39,0.84,0,0,0.070175438596491,0.454545454545455,0.104477611940298,0.2142857142857139,0.223867595818815,0
Sample_0085,1,0,0.330882352941177,0.257352941176471,0.316176470588235,0.0955882352941176,136,12.6885775404495,0.971428571428571,0.674418604651163,0.692307692307692,0.355555555555556,244,196,0.4454545455,0.5545454545,91,32,20,24,77,105,13,0,4,74,66,53,125,0.2704918033,35,177,17,77,5,18,0.09,77,86,75,0.947368421052632,0.357142857142857,0.882352941176471,0.923076923076923,0.0072992700729927,0.538894681960375,7,38.1,78.8,2.07,0.33,0,0,0.052631578947368,0.642857142857143,0.117647058823529,0.0769230769230769,0.4611053180396249,1
Sample_0086,1,0,0.250936329588015,0.187265917602996,0.228464419475655,0.333333333333333,267,14.2192651005599,0.78,0.622950819672131,1.42696629213483,0.402985074626866,597,339,0.3621794872,0.6378205128,291,59,34,26,187,239,19,6,6,69,162,123,312,0.2713567839,26,262,18,133,14,11,0.0,188,77,70,0.965665236051502,0.577464788732394,0.945454545454545,0.932584269662921,0.003731343283582,0.458283582089552,7,57.35,47.31,0.82,0.12,0,0,0.0343347639484979,0.4225352112676059,0.054545454545455,0.067415730337079,0.541716417910448,1
Sample_0087,1,0,0.295254833040422,0.372583479789104,0.140597539543058,0.191564147627416,569,51.2560971982846,0.933962264150943,0.575,0.880733944954128,0.464285714285714,1274,288,0.1843790013,0.8156209987,373,77,26,42,756,146,18,5,7,112,700,245,329,0.5494505495,32,300,23,151,33,19,0.95,756,123,112,0.957692307692308,0.672727272727273,0.880952380952381,0.495412844036697,0.0017543859649122,0.348444223766964,10,71.6,31.69,0.44,0.46,0,0,0.042307692307692,0.327272727272727,0.1190476190476189,0.5045871559633031,0.651555776233036,1
Sample_0088,0,0,0.196787148594377,0.162650602409639,0.0622489959839357,0.578313253012048,498,97.5563939472959,0.925925925925926,0.451612903225806,1.09722222222222,0.857142857142857,218,123,0.3607038123,0.6392961877,47,20,6,9,136,69,6,2,2,44,118,25,75,0.5412844037,25,229,19,86,15,19,0.5,136,51,44,0.961748633879781,0.898305084745763,0.993865030674847,0.927083333333333,0.002004008016032,0.271060639798115,7,38.46,53.33,1.39,0.41,0,0,0.0382513661202189,0.101694915254237,0.006134969325153,0.0729166666666669,0.728939360201885,1
Sample_0089,0,0,0.262755102040816,0.216836734693877,0.247448979591837,0.272959183673469,392,8.30662386291807,0.717647058823529,0.711340206185567,1.19626168224299,0.495145631067961,479,461,0.4904255319,0.5095744681,165,69,29,25,191,262,26,10,8,155,124,94,261,0.2588726514,31,373,20,142,18,11,0.29,191,191,157,0.909774436090226,0.516129032258065,0.911111111111111,0.88785046728972,0.0025445292620865,0.633677593174674,22,43.81,59.88,1.37,0.81,1,1,0.0902255639097739,0.483870967741935,0.088888888888889,0.11214953271028,0.366322406825326,0
Sample_0090,0,0,0.24380704041721,0.224250325945241,0.200782268578879,0.33116036505867,767,37.7913680620324,1.01744186046512,0.590909090909091,0.996062992125984,0.914438502673797,603,309,0.3388157895,0.6611842105,320,62,25,31,165,181,17,9,11,91,130,139,334,0.2155887231,32,472,18,222,24,16,0.15,165,113,91,0.947990543735225,0.724137931034483,0.955307262569832,0.929133858267717,0.0013020833333333,0.429672359496124,42,40.39,51.17,1.27,0.85,1,1,0.052009456264775,0.275862068965517,0.0446927374301679,0.070866141732283,0.570327640503876,0
Sample_0091,1,1,0.270676691729323,0.25187969924812,0.255639097744361,0.221804511278196,266,4.7169905660283,1.46268656716418,0.838235294117647,1.33898305084746,0.319444444444444,295,185,0.3854166667,0.6145833333,138,26,16,19,96,107,12,2,3,61,83,63,149,0.2813559322,37,323,21,157,16,17,0.05,97,73,62,0.967914438502674,0.411764705882353,0.864406779661017,0.372881355932203,0.0037453183520599,0.505562077254179,10,34.02,66.32,1.95,0.0,0,0,0.032085561497326,0.588235294117647,0.135593220338983,0.6271186440677969,0.494437922745821,1
Sample_0092,0,0,0.25,0.400943396226415,0.195754716981132,0.153301886792453,424,39.7051633921836,0.723529411764706,1.01204819277108,0.8,0.547169811320755,344,217,0.3868092692,0.6131907308,145,28,22,26,123,156,7,3,0,51,108,62,174,0.3139534884,29,191,20,89,22,25,0.0,123,56,51,0.974619289340102,0.857142857142857,0.911764705882353,0.692307692307692,0.0023529411764705,0.463612456747405,11,38.58,60.45,1.57,0.75,0,0,0.0253807106598979,0.142857142857143,0.0882352941176469,0.307692307692308,0.5363875432525951,1
Sample_0093,0,0,0.584415584415584,0.168831168831169,0.103896103896104,0.142857142857143,77,14.9728921721891,1.76923076923077,1.375,1.63636363636364,0.4,198,188,0.4870466321,0.5129533679,58,37,16,13,74,110,11,4,1,62,61,49,88,0.3080808081,12,113,3,33,2,2,0.0,74,70,62,0.938461538461538,0.409090909090909,0.96078431372549,0.545454545454545,0.0128205128205128,0.759368836291913,0,45.19,86.04,1.9,0.19,0,0,0.0615384615384619,0.590909090909091,0.03921568627451,0.454545454545455,0.240631163708087,1
Sample_0094,0,0,0.619047619047619,0.19047619047619,0.0714285714285714,0.119047619047619,42,9.12414379544733,0.125,1.0,1.0,0.115384615384615,250,245,0.4949494949,0.5050505051,118,29,7,8,88,132,17,6,2,88,61,44,145,0.244,4,27,1,14,1,0,0.0,88,90,88,0.888888888888889,0.636363636363636,0.956521739130435,0.6,0.0232558139534884,0.854651162790698,0,64.47,56.64,0.88,0.31,0,0,0.111111111111111,0.363636363636364,0.0434782608695649,0.4,0.145348837209302,1
Sample_0095,0,0,0.872340425531915,0.0638297872340425,0.0425531914893617,0.0212765957446809,47,16.9022927438854,0.666666666666667,0.0,0.0,0.024390243902439,231,244,0.5136842105,0.4863157895,81,29,13,10,98,148,9,2,1,84,70,44,117,0.303030303,18,158,0,28,4,1,0.0,98,105,84,0.918287937743191,0.125,0.857142857142857,1.0,0.0208333333333333,0.326388888888889,0,53.42,86.54,1.62,0.48,0,0,0.081712062256809,0.875,0.142857142857143,0.0,0.6736111111111109,0
Sample_0097,0,1,0.356948228882834,0.326975476839237,0.223433242506812,0.0926430517711172,367,37.9761438274083,0.683333333333333,0.951219512195122,0.970588235294118,0.450381679389313,602,354,0.370292887,0.629707113,228,75,46,35,218,209,13,4,5,123,183,139,280,0.303986711,35,299,14,90,18,9,0.47,218,141,124,0.947214076246334,0.5,0.923076923076923,0.676470588235294,0.0027173913043478,0.265942028985507,13,34.41,96.68,2.81,0.47,0,0,0.0527859237536659,0.5,0.0769230769230769,0.3235294117647059,0.734057971014493,1
Sample_0099,0,0,0.17737003058104,0.470948012232416,0.171253822629969,0.180428134556575,327,41.7275388682342,1.08441558441558,0.660714285714286,1.22033898305085,0.431034482758621,485,388,0.4444444444,0.5555555556,204,57,25,23,176,233,31,7,9,108,147,78,260,0.3030927835,32,297,18,130,10,10,0.06,176,129,109,0.927586206896552,0.596491228070175,0.833333333333333,0.728813559322034,0.0030487804878048,0.517896737408932,10,35.4,74.46,2.1,0.44,1,1,0.0724137931034479,0.403508771929825,0.1666666666666669,0.271186440677966,0.4821032625910679,0
Sample_0100,0,0,0.758620689655172,0.0,0.103448275862069,0.137931034482759,29,8.73053390247253,0.0,0.0,1.0,1.72727272727273,420,606,0.5906432749,0.4093567251,227,60,21,24,88,464,41,5,6,90,84,82,254,0.2,9,38,1,7,4,0,0.01,88,93,90,0.928571428571429,0.75,0.92,0.5,0.0,0.0,0,30.79,114.32,3.71,0.46,0,0,0.0714285714285709,0.25,0.0799999999999999,0.5,1.0,0
Sample_0101,0,0,0.311197916666667,0.26953125,0.201822916666667,0.217447916666667,768,33.2716095192282,0.980676328502416,0.47741935483871,0.958083832335329,0.309623430962343,598,293,0.3288439955,0.6711560045,268,77,39,38,176,177,15,8,4,89,172,128,298,0.2876254181,32,275,23,145,16,21,0.21,176,94,90,0.981203007518797,0.702702702702703,0.923076923076923,0.664670658682635,0.0013003901170351,0.467989672263998,12,35.95,71.81,2.0,0.62,1,1,0.018796992481203,0.297297297297297,0.0769230769230769,0.335329341317365,0.532010327736002,0
Sample_0103,0,0,0.796610169491525,0.0508474576271186,0.101694915254237,0.0508474576271186,59,18.6597829569371,0.666666666666667,0.166666666666667,1.0,0.957446808510638,250,258,0.5078740157,0.4921259843,69,40,15,8,118,92,9,5,5,147,80,48,122,0.32,25,265,6,100,1,6,0.28,121,191,150,0.853333333333333,0.458333333333333,0.666666666666667,0.666666666666667,0.0166666666666667,0.655555555555556,2,35.78,124.38,3.48,0.01,0,0,0.1466666666666669,0.541666666666667,0.333333333333333,0.333333333333333,0.344444444444444,0
Sample_0105,0,0,0.45273631840796,0.288557213930348,0.169154228855721,0.0895522388059701,201,27.4988636128841,0.879310344827586,0.558823529411765,1.0,0.417582417582418,909,200,0.180342651,0.819657349,252,46,17,30,564,108,4,2,4,82,527,129,253,0.5797579758,29,137,19,81,20,22,0.0,564,95,82,0.855555555555556,0.842105263157895,0.941176470588235,0.833333333333333,0.0049504950495049,0.257340389211335,6,38.9,62.05,1.59,1.0,0,0,0.144444444444444,0.1578947368421049,0.058823529411765,0.1666666666666669,0.7426596107886649,1
Sample_0106,1,0,0.645833333333333,0.208333333333333,0.0416666666666667,0.104166666666667,48,11.3357840487546,1.9,0.0,0.8,0.0645161290322581,418,453,0.5200918485,0.4799081515,218,55,24,17,104,331,26,6,9,81,89,80,249,0.2129186603,11,79,6,31,3,3,0.56,104,89,81,0.911111111111111,0.583333333333333,0.977777777777778,0.8,0.0204081632653061,0.685714285714286,0,52.31,74.41,1.42,0.44,0,0,0.088888888888889,0.4166666666666669,0.022222222222222,0.1999999999999999,0.3142857142857139,1
Sample_0107,0,0,0.373193166885677,0.283837056504599,0.177398160315375,0.165571616294349,761,64.4840096458029,1.43055555555556,0.844444444444444,1.19047619047619,0.651408450704225,882,282,0.2422680412,0.7577319588,444,87,41,29,281,172,15,5,3,87,277,169,436,0.3140589569,29,381,16,181,23,20,0.02,282,97,88,0.967105263157895,0.811111111111111,0.91044776119403,0.888888888888889,0.0013123359580052,0.402249198016915,31,38.77,76.34,1.97,0.91,1,1,0.0328947368421049,0.188888888888889,0.0895522388059699,0.111111111111111,0.5977508019830851,0
Sample_0108,0,0,0.30379746835443,0.113924050632911,0.0759493670886076,0.506329113924051,79,13.5346776836392,0.444444444444444,0.0,1.025,0.0833333333333333,262,226,0.4631147541,0.5368852459,99,38,14,9,102,161,13,5,6,41,90,39,133,0.3435114504,28,195,14,93,3,10,0.14,104,57,41,0.929515418502203,0.304347826086956,0.927536231884058,0.65,0.0125,0.658333333333333,0,27.79,84.19,3.03,0.22,1,0,0.070484581497797,0.695652173913044,0.072463768115942,0.35,0.341666666666667,1
Sample_0109,1,0,0.292410714285714,0.410714285714286,0.100446428571429,0.196428571428572,448,51.5024271272724,1.92934782608696,2.0,1.93181818181818,0.770992366412214,1845,405,0.18,0.82,426,53,39,46,1281,287,20,5,6,87,1161,218,466,0.6292682927,34,282,23,160,29,33,0.0,1281,105,88,0.902702702702703,0.84375,0.968152866242038,0.579545454545455,0.0022271714922049,0.1681030308899,9,70.08,29.83,0.43,0.25,0,0,0.0972972972972969,0.15625,0.031847133757962,0.4204545454545449,0.8318969691101,1
Sample_0110,0,0,0.204753199268739,0.153564899451554,0.107861060329068,0.53382084095064,547,91.5733995219136,0.976190476190476,0.932203389830508,1.11301369863014,0.482142857142857,363,317,0.4661764706,0.5338235294,144,58,22,10,129,181,18,2,13,103,102,77,184,0.2809917355,35,505,23,185,12,12,0.07,129,115,104,0.978300180831826,0.793103448275862,0.928571428571429,0.976027397260274,0.0018248175182481,0.582268856447689,3,30.45,57.52,1.89,0.62,1,1,0.0216998191681739,0.206896551724138,0.0714285714285709,0.023972602739726,0.417731143552311,0
Sample_0111,0,0,0.195402298850575,0.148380355276907,0.276907001044932,0.379310344827586,957,83.9117840353785,0.880281690140845,0.886792452830189,1.02203856749311,0.877005347593583,666,393,0.3711048159,0.6288951841,436,65,26,26,113,283,30,5,4,71,97,130,439,0.1456456456,33,339,16,120,21,13,0.01,113,84,71,0.96398891966759,0.945945945945946,0.962264150943396,0.90633608815427,0.0010438413361169,0.499478079331941,53,54.89,41.07,0.75,0.61,1,1,0.0360110803324099,0.0540540540540539,0.0377358490566039,0.0936639118457299,0.500521920668059,0
Sample_0112,1,0,0.42089552238806,0.352238805970149,0.170149253731343,0.0567164179104478,335,48.3703163107292,1.45762711864407,0.473684210526316,0.368421052631579,0.340425531914894,1158,233,0.1675053918,0.8324946082,191,57,28,26,856,129,12,6,5,81,789,128,241,0.6813471503,36,190,17,83,32,15,0.06,856,96,81,0.937238493723849,0.333333333333333,0.888888888888889,0.894736842105263,0.0029761904761904,0.177436440677966,11,45.5,45.41,1.0,0.68,0,0,0.0627615062761509,0.666666666666667,0.111111111111111,0.1052631578947369,0.822563559322034,1
Sample_0115,0,1,0.392,0.216,0.109333333333333,0.282666666666667,375,38.5056813989832,0.851851851851852,0.51219512195122,0.613207547169811,0.0816326530612245,333,351,0.5131578947,0.4868421053,158,32,24,29,90,280,23,6,4,38,107,66,160,0.3213213213,30,209,15,82,12,14,0.02,90,50,38,0.953846153846154,0.619047619047619,0.847826086956522,0.830188679245283,0.0026595744680851,0.455575256107171,4,44.08,68.25,1.55,0.31,1,0,0.0461538461538459,0.380952380952381,0.152173913043478,0.169811320754717,0.544424743892829,0
Sample_0116,0,0,0.251764705882353,0.462352941176471,0.225882352941177,0.06,850,121.537031393728,1.01272264631043,0.671875,0.980392156862745,0.551401869158878,1738,339,0.1632161772,0.8367838228,460,84,50,50,1094,210,27,5,6,91,1011,286,441,0.581703107,41,350,23,171,27,18,0.07,1095,114,91,0.934844192634561,0.636363636363636,0.918604651162791,0.784313725490196,0.0011750881316098,0.25669546081096,24,61.6,40.1,0.65,0.13,1,0,0.065155807365439,0.363636363636364,0.081395348837209,0.215686274509804,0.74330453918904,0
Sample_0117,1,0,0.345394736842105,0.164473684210526,0.0822368421052632,0.407894736842105,304,40.0686910192984,0.78,0.48,1.25806451612903,0.533333333333333,539,169,0.238700565,0.761299435,159,43,7,13,317,103,5,4,5,52,261,117,161,0.4842300557,27,168,16,64,21,18,0.04,317,61,52,0.959821428571429,0.25,0.923076923076923,0.306451612903226,0.0032786885245901,0.358819672131148,3,56.4,45.29,0.8,0.13,0,0,0.0401785714285709,0.75,0.0769230769230769,0.693548387096774,0.6411803278688519,1
Sample_0118,0,0,0.319444444444444,0.243055555555556,0.215277777777778,0.222222222222222,144,5.95818764390649,0.828571428571429,0.419354838709677,0.625,0.304347826086956,320,223,0.4106813996,0.5893186004,127,51,20,28,94,149,7,8,3,56,101,71,148,0.315625,31,224,11,64,12,11,0.09,94,69,58,0.949416342412451,0.555555555555556,0.884615384615385,0.875,0.0068965517241379,0.482364532019704,8,30.22,72.52,2.4,0.81,0,0,0.050583657587549,0.444444444444444,0.1153846153846149,0.125,0.517635467980296,1
Sample_0119,0,1,0.190243902439024,0.626829268292683,0.126829268292683,0.0560975609756098,410,91.2975903296467,1.32684824902724,0.576923076923077,1.52173913043478,0.525641025641026,957,494,0.3404548587,0.6595451413,207,74,45,41,590,319,26,6,12,131,532,145,280,0.5559038662,38,240,20,151,22,20,1.05,591,142,131,0.95397489539749,0.442307692307692,0.777777777777778,0.565217391304348,0.0024330900243309,0.143618582370038,12,54.61,49.71,0.91,0.17,1,0,0.0460251046025099,0.5576923076923079,0.222222222222222,0.434782608695652,0.856381417629962,1
Sample_0120,0,0,0.763440860215054,0.139784946236559,0.0645161290322581,0.032258064516129,93,27.806249297595,1.07692307692308,0.0,0.333333333333333,0.0422535211267606,300,289,0.4906621392,0.5093378608,76,49,13,20,142,132,17,5,5,130,87,59,154,0.29,20,136,6,39,4,6,0.0,142,145,130,0.934497816593886,0.5,0.805555555555556,0.666666666666667,0.0106382978723404,0.456628477905074,1,36.36,90.26,2.48,0.68,1,1,0.065502183406114,0.5,0.1944444444444439,0.333333333333333,0.543371522094926,0
Sample_0122,0,0,0.66,0.12,0.12,0.1,50,11.842719282327,0.5,0.333333333333333,5.4,0.0,358,293,0.4500768049,0.5499231951,145,55,25,26,107,187,12,4,4,86,89,66,203,0.248603352,12,82,1,20,4,1,0.19,108,90,86,0.965217391304348,0.285714285714286,0.789473684210526,1.0,0.0196078431372549,0.163398692810457,0,32.58,163.85,5.03,0.72,0,0,0.0347826086956519,0.714285714285714,0.210526315789474,0.0,0.8366013071895431,1
Sample_0123,0,0,0.415148609779482,0.226270373921381,0.209012464046021,0.149568552253116,1043,103.781922799686,0.694915254237288,0.844036697247706,0.743589743589744,0.662817551963048,529,377,0.4161147903,0.5838852097,273,49,20,25,162,252,20,4,8,93,122,153,254,0.2306238185,32,473,14,156,24,12,0.9,163,108,93,0.971751412429379,0.791666666666667,0.975609756097561,0.903846153846154,0.0009578544061302,0.596885349698032,38,38.53,46.37,1.2,0.99,1,1,0.0282485875706209,0.208333333333333,0.024390243902439,0.096153846153846,0.403114650301968,0
Sample_0124,0,0,0.251121076233184,0.219730941704036,0.349775784753363,0.179372197309417,223,14.0423466699836,0.591836734693878,0.5,0.775,0.142857142857143,201,171,0.4596774194,0.5403225806,74,26,10,9,82,85,3,1,3,79,66,41,94,0.328358209,5,86,0,34,0,0,0.02,82,91,79,0.842105263157895,0.321428571428572,0.94392523364486,0.975,0.0044642857142857,0.853316326530612,9,47.18,68.6,1.45,0.01,0,0,0.1578947368421049,0.6785714285714279,0.0560747663551399,0.025,0.146683673469388,0
Sample_0125,0,0,0.642201834862385,0.0458715596330275,0.0458715596330275,0.26605504587156,109,26.55536668924,0.4,0.8,1.20689655172414,1.22857142857143,239,225,0.4849137931,0.5150862069,110,31,10,16,72,178,5,4,5,33,52,26,161,0.2175732218,12,116,4,30,3,2,0.0,72,40,33,0.94017094017094,0.857142857142857,0.975609756097561,0.896551724137931,0.009090909090909,0.0,0,33.47,90.72,2.71,0.39,1,1,0.0598290598290599,0.142857142857143,0.024390243902439,0.1034482758620689,1.0,0
Sample_0126,0,1,0.208333333333333,0.157738095238095,0.125,0.508928571428571,336,51.2103505162775,1.73584905660377,0.80952380952381,1.14619883040936,0.671428571428571,200,176,0.4680851064,0.5319148936,72,31,9,5,83,98,7,3,1,67,68,34,98,0.34,30,271,18,116,13,16,0.0,83,80,67,0.946058091286307,0.763157894736842,0.983050847457627,0.894736842105263,0.0029673590504451,0.357426795812105,9,37.14,56.9,1.53,0.86,1,1,0.0539419087136929,0.2368421052631579,0.0169491525423729,0.1052631578947369,0.642573204187895,0
Sample_0128,0,0,0.406340057636888,0.112391930835735,0.106628242074928,0.37463976945245,347,48.9099938662846,1.0,0.594594594594595,0.838461538461538,0.269503546099291,390,460,0.5411764706,0.4588235294,184,45,19,23,119,327,18,5,7,103,87,61,242,0.2230769231,22,131,19,53,9,11,0.0,119,113,103,0.89247311827957,0.815384615384615,0.963636363636364,0.707692307692308,0.0028735632183908,0.230106100795756,7,40.1,69.96,1.74,0.71,0,0,0.10752688172043,0.1846153846153849,0.036363636363636,0.292307692307692,0.769893899204244,1
Sample_0131,0,0,0.316546762589928,0.496402877697842,0.115107913669065,0.0719424460431655,139,23.573024837725,2.23188405797101,0.3125,0.9,0.113636363636364,720,540,0.4285714286,0.5714285714,447,70,31,28,144,423,33,5,6,73,133,96,491,0.1847222222,29,167,15,108,12,25,0.14,144,90,73,0.885906040268456,0.627906976744186,0.82089552238806,0.7,0.0071428571428571,0.546790890269151,2,47.25,65.94,1.4,0.05,0,0,0.114093959731544,0.3720930232558139,0.17910447761194,0.3,0.453209109730849,1
Sample_0133,0,0,0.757575757575758,0.151515151515151,0.0303030303030303,0.0606060606060606,33,9.78199877325692,0.0,0.0,2.0,1.0,242,208,0.4622222222,0.5377777778,90,40,10,19,83,132,9,3,8,56,60,46,136,0.2479338843,18,113,3,19,0,2,0.0,83,70,56,0.935483870967742,1.0,0.588235294117647,1.0,0.0294117647058824,0.388235294117647,0,59.43,129.76,2.18,0.43,0,0,0.064516129032258,0.0,0.411764705882353,0.0,0.611764705882353,0
Sample_0134,0,0,0.147727272727273,0.590909090909091,0.127272727272727,0.134090909090909,440,86.6631409539257,1.48461538461538,1.03571428571429,1.52542372881356,0.384615384615385,1295,299,0.1875784191,0.8124215809,219,37,22,28,989,220,11,4,4,60,920,163,212,0.7104247104,31,224,22,165,13,24,0.05,989,66,60,0.936842105263158,0.594594594594595,0.934131736526946,0.745762711864407,0.0022675736961451,0.0920983778126635,7,58.64,36.58,0.62,0.56,0,0,0.0631578947368419,0.405405405405405,0.0658682634730539,0.254237288135593,0.9079016221873364,0
Sample_0135,1,0,0.243801652892562,0.276859504132231,0.0743801652892562,0.40495867768595,242,28.5350661467605,1.95522388059702,1.88888888888889,1.8469387755102,1.1864406779661,411,52,0.1123110151,0.8876889849,101,14,11,8,277,32,5,1,1,13,249,75,87,0.6058394161,27,109,17,67,28,16,0.0,277,16,14,0.957746478873239,0.816326530612245,0.967741935483871,0.336734693877551,0.0041152263374485,0.341870892451324,0,54.43,42.14,0.77,0.02,1,1,0.0422535211267609,0.1836734693877549,0.032258064516129,0.6632653061224489,0.6581291075486759,0
Sample_0136,0,0,0.146153846153846,0.523076923076923,0.153846153846154,0.176923076923077,130,20.5487225880345,1.63235294117647,0.8,1.26086956521739,1.26315789473684,252,221,0.467230444,0.532769556,108,17,6,13,108,206,4,0,2,9,109,49,94,0.4325396825,31,107,18,60,12,17,0.01,109,12,9,0.96969696969697,0.407407407407407,0.910714285714286,0.434782608695652,0.0076335877862595,0.145936237090256,5,56.06,45.2,0.81,0.06,1,1,0.03030303030303,0.592592592592593,0.0892857142857139,0.565217391304348,0.8540637629097441,0
Sample_0137,0,0,0.420454545454546,0.170454545454545,0.236363636363636,0.172727272727273,440,44.8385994428907,1.85333333333333,1.55769230769231,1.52631578947368,1.32432432432432,259,141,0.3525,0.6475,158,20,10,12,59,119,7,1,3,11,57,49,153,0.2200772201,28,402,11,106,19,16,0.05,59,38,13,0.939051918735892,0.727272727272727,0.969387755102041,0.986842105263158,0.0022675736961451,0.638548752834467,26,43978.0,68.33,0.0,0.02,1,1,0.060948081264108,0.272727272727273,0.0306122448979589,0.013157894736842,0.361451247165533,0
Sample_0138,1,0,0.195121951219512,0.195121951219512,0.146341463414634,0.463414634146341,328,40.9389789809174,1.53125,1.6875,1.80263157894737,1.171875,684,87,0.1128404669,0.8871595331,129,21,11,13,510,49,8,3,2,25,468,104,112,0.6842105263,30,150,25,92,31,18,0.25,510,37,25,0.844155844155844,0.774193548387097,0.831775700934579,0.230263157894737,0.0030395136778115,0.202507598784195,0,43.51,41.87,0.96,0.09,0,0,0.155844155844156,0.225806451612903,0.168224299065421,0.769736842105263,0.797492401215805,1
Sample_0139,0,0,0.227390180878553,0.382428940568475,0.214470284237726,0.175710594315245,387,30.4907772941262,1.33108108108108,2.16867469879518,1.83823529411765,1.07954545454546,426,128,0.2310469314,0.7689530686,190,36,23,21,156,107,2,1,2,16,171,79,176,0.4014084507,30,263,13,62,12,6,0.04,156,27,16,0.96594427244582,0.857142857142857,0.925925925925926,0.911764705882353,0.0025773195876288,0.444796600724436,23,34.69,51.19,1.48,0.09,0,0,0.0340557275541799,0.142857142857143,0.0740740740740739,0.0882352941176469,0.5552033992755641,1
Sample_0140,0,0,0.151515151515151,0.363636363636364,0.371212121212121,0.113636363636364,132,15.6044865343272,1.33333333333333,1.75510204081633,1.73333333333333,0.95,246,69,0.219047619,0.780952381,148,11,4,14,69,53,3,0,1,12,68,67,111,0.2764227642,25,105,17,42,11,5,0.05,71,20,12,0.9,0.65625,0.949152542372881,0.666666666666667,0.0075187969924812,0.24812030075188,14,44.76,38.93,0.87,0.09,0,0,0.0999999999999999,0.34375,0.0508474576271189,0.333333333333333,0.75187969924812,0
Sample_0141,1,0,0.223880597014925,0.212686567164179,0.16044776119403,0.402985074626866,268,24.5254969368614,2.12280701754386,1.51162790697674,1.87962962962963,1.08333333333333,660,82,0.1105121294,0.8894878706,146,17,15,20,462,64,5,3,3,7,402,128,130,0.6090909091,31,134,23,96,21,20,0.2,464,16,7,0.847457627118644,0.8,0.846938775510204,0.212962962962963,0.0037174721189591,0.209743690080219,3,67.62,35.46,0.52,0.09,0,0,0.1525423728813559,0.1999999999999999,0.1530612244897959,0.787037037037037,0.790256309919781,0
Sample_0142,0,1,0.224489795918367,0.183673469387755,0.36734693877551,0.224489795918367,49,3.41869858279434,1.44444444444444,1.88888888888889,2.63636363636364,1.0,174,100,0.3649635036,0.6350364964,66,17,15,33,43,71,14,1,2,12,54,39,81,0.3103448276,24,107,14,66,10,16,0.0,45,18,12,0.934065934065934,0.714285714285714,0.925925925925926,1.0,0.02,0.217777777777778,4,22.63,84.84,3.75,0.06,1,1,0.065934065934066,0.285714285714286,0.0740740740740739,0.0,0.782222222222222,0
Sample_0143,0,0,0.289361702127659,0.204255319148936,0.4,0.106382978723404,235,25.4103817366052,1.64583333333333,1.5531914893617,1.48,0.926470588235294,239,228,0.4882226981,0.5117773019,108,27,22,13,69,184,13,4,5,22,68,50,121,0.2845188285,30,276,19,84,18,12,0.15,70,34,23,0.957446808510638,0.638888888888889,0.904761904761905,0.8,0.0042372881355932,0.663841807909605,21,25.87,93.91,3.63,0.03,1,1,0.0425531914893619,0.361111111111111,0.095238095238095,0.1999999999999999,0.336158192090395,0
Sample_0144,0,0,0.153846153846154,0.230769230769231,0.38974358974359,0.225641025641026,195,16.8133131773604,1.33333333333333,1.59210526315789,1.68181818181818,1.06666666666667,285,173,0.3777292576,0.6222707424,167,17,19,15,67,142,12,3,3,13,75,70,140,0.2631578947,21,209,8,34,7,5,0.08,67,25,13,0.952569169960474,0.666666666666667,0.846153846153846,0.886363636363636,0.0051020408163265,0.397959183673469,29,35.7,51.77,1.45,0.08,0,0,0.0474308300395259,0.333333333333333,0.1538461538461539,0.1136363636363639,0.602040816326531,1
Sample_0145,1,1,0.25503355704698,0.48993288590604,0.201342281879195,0.0536912751677852,149,23.3813494050279,2.34246575342466,1.76666666666667,1.0,1.57894736842105,580,76,0.1158536585,0.8841463415,126,11,15,13,415,54,6,1,4,11,407,73,100,0.7017241379,19,76,14,38,18,13,0.01,415,15,12,0.928571428571429,0.891304347826087,0.969230769230769,0.625,0.0066666666666666,0.149680365296804,0,53.46,44.34,0.83,0.09,1,1,0.0714285714285709,0.1086956521739129,0.0307692307692309,0.375,0.850319634703196,0
Sample_0146,1,0,0.282352941176471,0.334117647058824,0.112941176470588,0.270588235294118,425,35.1310048247983,1.83802816901408,1.375,1.61739130434783,1.35833333333333,1424,110,0.07170795306,0.9282920469,352,36,23,41,972,71,12,4,4,19,893,270,261,0.6271067416,34,206,15,69,30,16,0.08,972,24,19,0.97787610619469,0.736842105263158,0.833333333333333,0.147826086956522,0.0023474178403755,0.168617337829796,2,73.63,28.18,0.38,0.02,0,0,0.0221238938053099,0.263157894736842,0.1666666666666669,0.852173913043478,0.8313826621702041,1
Sample_0147,1,0,0.184115523465704,0.126353790613718,0.0902527075812274,0.59927797833935,277,56.623206373359,1.74285714285714,1.44,1.6144578313253,1.25490196078431,512,82,0.138047138,0.861952862,111,7,8,9,377,58,7,0,1,16,331,96,85,0.646484375,28,94,22,35,20,13,0.01,377,21,16,0.927536231884058,0.808510638297872,0.917808219178082,0.319277108433735,0.0035971223021582,0.256217882836588,0,58.3,33.87,0.58,0.01,0,0,0.072463768115942,0.191489361702128,0.082191780821918,0.680722891566265,0.743782117163412,1
Sample_0148,1,1,0.179347826086957,0.184782608695652,0.135869565217391,0.5,184,26.7861904719577,1.20588235294118,1.2,1.69565217391304,0.96969696969697,210,93,0.3069306931,0.6930693069,96,17,19,11,67,75,5,3,1,9,80,38,92,0.380952381,18,97,13,50,4,12,0.01,68,15,9,0.904761904761905,0.86,0.950819672131147,0.83695652173913,0.0054054054054054,0.292527821939587,6,30.39,55.4,1.82,0.05,1,0,0.095238095238095,0.14,0.0491803278688529,0.1630434782608699,0.707472178060413,1
Sample_0149,0,0,0.258741258741259,0.244755244755245,0.300699300699301,0.195804195804196,143,5.35607132140714,1.14285714285714,1.48837209302326,1.17857142857143,0.837837837837838,123,90,0.4225352113,0.5774647887,59,15,7,10,32,78,4,0,1,7,32,26,65,0.2601626016,35,334,16,126,15,15,0.01,32,24,7,0.961968680089485,0.6,0.795454545454545,0.785714285714286,0.0069444444444444,0.624206349206349,23,26.15,85.24,3.26,0.07,1,1,0.038031319910515,0.4,0.204545454545455,0.2142857142857139,0.375793650793651,0
Sample_0150,0,0,0.222879684418146,0.187376725838264,0.230769230769231,0.358974358974359,507,32.9573588140797,1.47368421052632,1.58974358974359,1.76923076923077,1.27433628318584,390,174,0.3085106383,0.6914893617,192,21,16,21,140,132,15,2,5,20,141,85,164,0.3615384615,37,349,10,85,30,6,0.08,140,34,20,0.966507177033493,0.777777777777778,0.923076923076923,0.917582417582418,0.0019685039370078,0.409718193120597,18,30.18,49.55,1.64,0.03,1,1,0.033492822966507,0.222222222222222,0.0769230769230769,0.082417582417582,0.590281806879403,0
Sample_0151,1,0,0.26530612244898,0.110787172011662,0.192419825072886,0.431486880466472,343,40.5362492098122,0.684210526315789,1.56060606060606,1.5472972972973,0.89010989010989,391,146,0.2718808194,0.7281191806,134,16,14,18,209,123,8,0,0,15,192,70,129,0.4910485934,29,182,22,85,12,22,0.01,211,22,15,0.946153846153846,0.826666666666667,0.900900900900901,0.817567567567568,0.002906976744186,0.314871481028152,10,47.31,45.52,0.96,0.04,0,0,0.0538461538461539,0.173333333333333,0.0990990990990989,0.182432432432432,0.685128518971848,0
Sample_0152,0,0,0.152173913043478,0.395652173913044,0.356521739130435,0.0956521739130435,230,29.5338788512447,1.87912087912088,1.54878048780488,2.40909090909091,0.885714285714286,388,107,0.2161616162,0.7838383838,176,35,31,37,109,75,10,2,5,15,127,89,172,0.3273195876,21,226,13,74,9,14,0.23,110,33,16,0.921397379912664,0.529411764705882,0.716049382716049,0.772727272727273,0.0043290043290043,0.361067503924647,28,33.59,61.18,1.82,0.01,1,0,0.0786026200873359,0.470588235294118,0.283950617283951,0.2272727272727269,0.6389324960753531,0
Sample_0153,0,0,0.234972677595629,0.316939890710382,0.256830601092896,0.191256830601093,183,8.28779222712539,1.13793103448276,1.19148936170213,1.51428571428571,0.790697674418605,344,148,0.3008130081,0.6991869919,177,30,27,28,82,116,7,3,0,22,94,69,181,0.273255814,26,152,15,71,14,15,0.05,82,26,22,0.96969696969697,0.84375,0.973333333333333,0.942857142857143,0.0054347826086956,0.634464017991004,8,34.82,58.11,1.67,0.1,1,1,0.03030303030303,0.15625,0.0266666666666669,0.057142857142857,0.3655359820089959,0
Sample_0154,0,1,0.237931034482759,0.296551724137931,0.16551724137931,0.3,290,15.8508674841474,1.34883720930233,1.8125,1.72413793103448,0.579710144927536,255,112,0.3051771117,0.6948228883,137,17,23,13,65,87,7,4,3,11,79,66,110,0.3098039216,32,283,16,135,10,18,0.08,65,30,13,0.94006309148265,0.565217391304348,0.853658536585366,0.804597701149425,0.0034364261168384,0.521457684008631,7,32.43,59.69,1.84,0.02,1,1,0.05993690851735,0.434782608695652,0.146341463414634,0.195402298850575,0.478542315991369,0
Sample_0155,0,0,0.236263736263736,0.186813186813187,0.368131868131868,0.208791208791209,182,12.8160056179763,1.23529411764706,1.32835820895522,1.47368421052632,1.34883720930233,270,158,0.3691588785,0.6308411215,145,25,21,25,54,126,11,6,1,14,67,71,132,0.2481481481,23,217,8,53,11,4,0.1,57,31,14,0.929166666666667,0.423076923076923,0.775510204081633,0.684210526315789,0.0054644808743169,0.555769848923176,16,31.98,62.36,1.95,0.09,1,0,0.0708333333333329,0.576923076923077,0.224489795918367,0.3157894736842109,0.4442301510768239,0
Sample_0157,1,0,0.254237288135593,0.344632768361582,0.175141242937853,0.225988700564972,177,10.8943792847505,2.39344262295082,1.41935483870968,2.05,0.888888888888889,413,76,0.1554192229,0.8445807771,118,15,13,17,250,44,4,1,0,27,243,68,102,0.588377724,33,133,22,69,22,17,0.0,254,37,27,0.941860465116279,0.25,0.804878048780488,0.4,0.0056179775280898,0.211917480198932,4,45.02,40.19,0.89,0.03,0,0,0.058139534883721,0.75,0.195121951219512,0.6,0.788082519801068,1
Sample_0158,1,0,0.313253012048193,0.232931726907631,0.0401606425702811,0.413654618473896,249,34.1201919689793,1.72413793103448,1.7,1.59223300970874,1.26923076923077,556,95,0.1459293395,0.8540706605,110,17,13,13,403,56,8,1,1,29,351,109,96,0.631294964,31,86,22,59,33,19,0.01,403,30,29,0.976190476190476,0.783333333333333,0.951219512195122,0.155339805825243,0.004,0.343448275862069,0,69.97,36.0,0.51,0.03,0,0,0.0238095238095239,0.216666666666667,0.0487804878048779,0.844660194174757,0.6565517241379311,1
Sample_0159,0,0,0.14441416893733,0.215258855585831,0.217983651226158,0.422343324250681,367,38.0878917767839,1.44303797468354,1.2875,1.90967741935484,1.9811320754717,415,253,0.378742515,0.621257485,230,26,13,22,124,216,15,3,2,17,132,105,178,0.3180722892,28,301,20,134,13,10,0.25,124,28,18,0.957854406130268,0.826086956521739,0.904347826086957,0.92258064516129,0.0027173913043478,0.429210236653825,20,44.56,39.2,0.88,0.08,0,0,0.042145593869732,0.1739130434782609,0.095652173913043,0.0774193548387099,0.5707897633461749,1
Sample_0160,1,0,0.285714285714286,0.26984126984127,0.121693121693122,0.322751322751323,378,28.9266313282414,2.16666666666667,1.32608695652174,1.95081967213115,1.4537037037037,957,95,0.09030418251,0.9096958175,209,21,19,13,695,63,7,4,5,16,637,150,170,0.6656217346,39,322,20,152,38,22,0.25,696,50,17,0.9,0.685714285714286,0.75,0.549180327868853,0.0026385224274406,0.185783020332143,4,61.57,35.64,0.58,0.03,0,0,0.0999999999999999,0.3142857142857139,0.25,0.450819672131147,0.814216979667857,1
Sample_0161,1,0,0.155844155844156,0.372294372294372,0.155844155844156,0.316017316017316,231,22.2303283826398,1.67441860465116,3.66666666666667,1.46575342465753,0.861111111111111,215,131,0.3786127168,0.6213872832,97,12,6,22,78,104,8,2,3,14,79,55,81,0.3674418605,26,252,11,115,13,14,0.11,79,31,14,0.944078947368421,0.636363636363636,0.784313725490196,0.753424657534247,0.0043103448275862,0.474689254210104,3,43.68,46.55,1.07,0.09,0,0,0.0559210526315789,0.363636363636364,0.215686274509804,0.2465753424657529,0.525310745789896,1
Sample_0162,1,0,0.161812297734628,0.381877022653722,0.197411003236246,0.258899676375405,309,25.8589926331247,1.74576271186441,1.63934426229508,1.775,1.72,546,66,0.1078431373,0.8921568627,97,12,7,9,421,50,5,1,3,7,384,89,73,0.7032967033,34,190,16,75,31,16,0.0,421,25,7,0.939393939393939,0.0,0.2,0.475,0.0032258064516129,0.21962821213778,3,62.09,32.28,0.52,0.07,1,1,0.0606060606060609,1.0,0.8,0.525,0.7803717878622201,1
Sample_0163,1,0,0.24079754601227,0.299079754601227,0.156441717791411,0.303680981595092,652,38.7491935399951,2.0,1.99019607843137,1.55050505050505,1.15286624203822,1421,221,0.134591961,0.865408039,347,33,28,50,963,166,17,3,3,32,895,231,295,0.6298381422,39,348,22,193,37,25,0.29,963,45,34,0.958990536277603,0.784313725490196,0.949152542372881,0.46969696969697,0.001531393568147,0.286739702359917,11,50.88,42.32,0.83,0.09,0,0,0.041009463722397,0.215686274509804,0.0508474576271189,0.53030303030303,0.713260297640083,1
Sample_0164,1,0,0.192982456140351,0.31140350877193,0.109649122807017,0.385964912280702,228,24.2383992870816,1.57746478873239,2.16,1.93181818181818,1.04545454545454,485,89,0.1550522648,0.8449477352,102,15,13,20,335,58,6,3,1,21,322,76,87,0.6639175258,32,139,25,92,27,21,0.43,335,29,21,0.888888888888889,0.69620253164557,0.907407407407407,0.443181818181818,0.0043668122270742,0.196322037025647,0,58.38,35.81,0.61,0.09,0,0,0.111111111111111,0.30379746835443,0.092592592592593,0.556818181818182,0.803677962974353,1
Sample_0165,0,0,0.135922330097087,0.121359223300971,0.213592233009709,0.529126213592233,206,33.9742549587184,0.44,1.15909090909091,1.55045871559633,1.0,501,174,0.2577777778,0.7422222222,272,57,47,44,81,145,17,2,0,10,117,90,294,0.2335329341,29,262,11,83,13,9,0.08,81,28,10,0.939597315436242,0.523809523809524,0.866666666666667,0.954128440366973,0.0048309178743961,0.636908212560386,2,39.74,48.56,1.22,0.03,1,0,0.0604026845637579,0.476190476190476,0.1333333333333329,0.045871559633027,0.363091787439614,0
Sample_0166,0,0,0.0897435897435897,0.243589743589744,0.487179487179487,0.179487179487179,78,11.5,1.26315789473684,1.26315789473684,1.85714285714286,0.0,79,60,0.4316546763,0.5683453237,41,7,3,3,25,50,2,0,1,7,23,13,43,0.2911392405,6,57,5,50,0,1,0.08,25,8,7,0.941176470588235,0.787234042553192,0.767441860465116,0.928571428571429,0.0126582278481013,0.623584277148568,3,28.36,76.32,2.69,0.04,1,1,0.058823529411765,0.212765957446808,0.232558139534884,0.0714285714285709,0.376415722851432,0
Sample_0167,0,0,0.325581395348837,0.472868217054264,0.116279069767442,0.0852713178294574,129,20.4374044340273,2.24590163934426,2.26666666666667,1.09090909090909,0.595238095238095,551,88,0.13771518,0.86228482,139,15,10,17,370,58,4,4,1,21,357,75,119,0.6479128857,25,115,16,69,24,13,0.0,370,27,22,0.923076923076923,0.957142857142857,0.97196261682243,0.818181818181818,0.0076923076923076,0.113871374527112,0,53.23,37.9,0.71,0.02,1,1,0.0769230769230769,0.042857142857143,0.0280373831775699,0.181818181818182,0.886128625472888,0
Sample_0168,1,0,0.240740740740741,0.231481481481482,0.087962962962963,0.439814814814815,216,27.046256672597,1.72,2.26315789473684,1.84210526315789,1.21153846153846,460,116,0.2013888889,0.7986111111,125,14,17,12,292,90,7,1,1,17,272,78,110,0.5913043478,36,107,25,74,23,13,0.05,292,19,17,0.962264150943396,0.854838709677419,0.925925925925926,0.2,0.0046082949308755,0.218986175115207,0,49.67,45.32,0.91,0.07,0,0,0.0377358490566039,0.1451612903225809,0.0740740740740739,0.8,0.781013824884793,0
Sample_0169,0,1,0.279069767441861,0.425249169435216,0.129568106312292,0.166112956810631,301,34.679785178112,2.59375,1.05128205128205,1.72,0.821428571428571,1153,162,0.1231939163,0.8768060837,253,26,20,21,833,132,8,3,2,17,790,173,190,0.685169124,30,138,13,41,29,7,0.17,833,21,17,0.975308641975309,0.678571428571429,0.80327868852459,0.64,0.0033112582781456,0.0934395695364238,0,54.49,36.57,0.67,0.06,1,0,0.024691358024691,0.3214285714285709,0.19672131147541,0.36,0.9065604304635762,0
Sample_0170,1,0,0.172284644194757,0.235955056179775,0.157303370786517,0.434456928838951,267,29.5074143225055,2.96825396825397,2.04761904761905,1.49137931034483,0.934782608695652,415,58,0.1226215645,0.8773784355,85,9,6,11,304,37,6,3,0,12,273,78,64,0.6578313253,36,322,20,129,26,13,0.56,305,31,15,0.950777202072539,0.346153846153846,0.8,0.620689655172414,0.003731343283582,0.347903340440654,5,72.12,35.64,0.49,0.1,1,0,0.0492227979274609,0.653846153846154,0.1999999999999999,0.3793103448275859,0.652096659559346,0
Sample_0171,1,0,0.17965367965368,0.246753246753247,0.192640692640693,0.380952380952381,462,36.8137202683999,1.64912280701754,0.966292134831461,1.78977272727273,1.36144578313253,820,161,0.1641182467,0.8358817533,210,25,16,17,552,129,3,0,4,25,483,165,172,0.5890243902,40,295,14,74,32,13,0.42,552,30,25,0.985875706214689,0.588235294117647,0.872340425531915,0.255681818181818,0.0021598272138228,0.385131294759577,29,43.06,40.78,0.95,0.02,0,0,0.0141242937853109,0.411764705882353,0.1276595744680849,0.744318181818182,0.6148687052404229,0
Sample_0172,0,0,0.3125,0.230978260869565,0.320652173913044,0.135869565217391,368,27.4681633896408,1.37647058823529,1.27118644067797,1.46,1.07826086956522,357,144,0.2874251497,0.7125748503,189,32,31,33,72,106,15,2,1,20,91,62,204,0.2549019608,30,326,12,138,17,5,0.61,73,43,20,0.935393258426966,0.523809523809524,0.9,0.9,0.002710027100271,0.457580105212817,23,28.29,85.19,3.01,0.09,1,1,0.064606741573034,0.476190476190476,0.0999999999999999,0.0999999999999999,0.542419894787183,0
Sample_0173,0,0,0.153846153846154,0.269230769230769,0.284615384615385,0.292307692307692,130,7.29725975966321,1.42857142857143,1.13513513513514,1.60526315789474,0.85,205,100,0.3278688525,0.6721311475,106,23,23,12,41,72,6,0,3,19,44,38,123,0.2146341463,24,157,13,63,3,12,0.01,41,42,21,0.863905325443787,0.357142857142857,0.936170212765957,0.842105263157895,0.0076335877862595,0.652126499454744,0,31.79,62.26,1.96,0.08,1,1,0.136094674556213,0.642857142857143,0.0638297872340429,0.1578947368421049,0.347873500545256,0
Sample_0174,0,1,0.0914826498422713,0.233438485804416,0.116719242902208,0.558359621451104,317,58.9337551832564,1.54054054054054,1.43243243243243,1.37853107344633,0.655172413793103,454,156,0.2557377049,0.7442622951,176,43,30,39,166,104,9,3,4,36,180,109,165,0.3964757709,35,331,11,94,8,13,0.13,168,56,36,0.94579945799458,0.652173913043478,0.793650793650794,0.92090395480226,0.0031446540880503,0.350246472887982,2,49.18,39.22,0.8,0.05,1,0,0.05420054200542,0.3478260869565219,0.2063492063492059,0.07909604519774,0.6497535271120181,1
Sample_0175,0,0,0.166666666666667,0.39080459770115,0.344827586206897,0.0977011494252874,174,21.1246301742776,1.32352941176471,1.55,1.52941176470588,1.06896551724138,402,132,0.2471910112,0.7528089888,192,32,22,20,136,99,10,3,3,17,141,78,183,0.3507462687,28,267,8,54,10,8,0.08,136,30,20,0.960122699386503,0.642857142857143,0.666666666666667,1.0,0.0057142857142857,0.614117647058824,11,42.12,46.39,1.1,0.03,0,0,0.039877300613497,0.357142857142857,0.333333333333333,0.0,0.385882352941176,0
Sample_0176,1,0,0.195789473684211,0.157894736842105,0.0863157894736842,0.56,475,87.0412976695545,1.21333333333333,1.26829268292683,1.5187969924812,1.23655913978495,599,78,0.1152141802,0.8847858198,121,18,17,6,437,59,4,0,0,15,387,122,90,0.6460767947,30,109,23,74,25,20,0.27,437,17,15,0.96,0.795180722891566,0.945205479452055,0.12406015037594,0.0021008403361344,0.279411764705882,1,75.99,35.87,0.47,0.02,0,0,0.04,0.2048192771084339,0.0547945205479449,0.87593984962406,0.720588235294118,0
Sample_0178,0,0,0.138461538461538,0.278846153846154,0.178846153846154,0.403846153846154,520,53.2869590049948,1.48965517241379,1.83870967741935,1.82380952380952,1.11111111111111,548,306,0.3583138173,0.6416861827,274,37,33,41,163,252,23,4,3,24,192,98,258,0.3503649635,33,489,20,296,17,12,0.17,164,57,26,0.916455696202532,0.637254901960784,0.878453038674033,0.895238095238095,0.0019193857965451,0.557548481037792,16,43.9,44.17,1.01,0.06,1,1,0.083544303797468,0.3627450980392159,0.1215469613259669,0.1047619047619049,0.442451518962208,0
Sample_0179,1,0,0.294117647058823,0.352941176470588,0.264705882352941,0.0882352941176471,170,16.7705098312484,1.95,1.48888888888889,1.53333333333333,1.32,1014,100,0.08976660682,0.9102333932,198,33,23,20,740,69,12,3,3,13,709,122,183,0.6992110454,35,130,16,41,35,8,0.03,741,26,13,0.93010752688172,0.454545454545454,0.853658536585366,0.8,0.0058479532163742,0.231968810916179,0,59.75,37.71,0.63,0.05,0,0,0.0698924731182799,0.5454545454545461,0.146341463414634,0.1999999999999999,0.768031189083821,1
Sample_0180,0,0,0.241666666666667,0.175,0.2,0.383333333333333,120,9.66953980290686,1.76190476190476,1.41666666666667,1.17391304347826,2.37931034482759,149,98,0.3967611336,0.6032388664,84,11,13,8,33,83,3,0,0,12,41,33,75,0.2751677852,25,121,22,67,6,10,0.0,33,16,12,0.949367088607595,0.681818181818182,0.955056179775281,0.934782608695652,0.0082644628099173,0.519480519480519,2,30.17,72.22,2.39,0.04,0,0,0.050632911392405,0.318181818181818,0.0449438202247189,0.065217391304348,0.480519480519481,1
Sample_0181,0,0,0.221014492753623,0.22463768115942,0.27536231884058,0.278985507246377,276,7.51664818918645,1.2741935483871,1.80263157894737,1.92207792207792,1.31147540983607,280,188,0.4017094017,0.5982905983,134,28,26,15,77,152,16,1,1,18,77,75,128,0.275,22,224,12,63,14,9,0.18,77,28,19,0.958333333333333,0.692307692307692,0.941176470588235,0.974025974025974,0.0036101083032491,0.594619774077093,18,34.32,66.84,1.95,0.06,1,0,0.0416666666666669,0.307692307692308,0.058823529411765,0.0259740259740259,0.405380225922907,1
Sample_0182,0,0,0.281954887218045,0.293233082706767,0.0977443609022556,0.327067669172932,266,23.7960080685816,1.78205128205128,1.30769230769231,1.57471264367816,1.57333333333333,677,91,0.1184895833,0.8815104167,138,10,12,13,504,55,7,2,4,23,458,106,113,0.6765140325,39,281,23,161,26,27,0.86,504,44,23,0.924731182795699,0.414634146341463,0.847826086956522,0.586206896551724,0.0037453183520599,0.11495246326707,10,66.63,36.21,0.54,0.03,1,0,0.075268817204301,0.585365853658537,0.152173913043478,0.413793103448276,0.88504753673293,1
Sample_0183,1,1,0.281632653061224,0.448979591836735,0.163265306122449,0.106122448979592,245,32.1354554970052,1.4,2.125,1.96153846153846,0.971014492753623,380,48,0.1121495327,0.8878504673,98,6,4,8,264,33,4,1,1,9,249,63,68,0.6552631579,31,221,18,73,26,9,0.0,264,12,9,0.98961937716263,0.666666666666667,0.894736842105263,0.730769230769231,0.0040650406504065,0.126755358462675,5,51.61,29.59,0.57,0.03,0,0,0.0103806228373699,0.333333333333333,0.1052631578947369,0.269230769230769,0.873244641537325,1
Sample_0184,1,0,0.247126436781609,0.21264367816092,0.170498084291188,0.369731800766283,522,38.765319552404,1.71171171171171,1.57303370786517,1.53886010362694,1.33333333333333,627,92,0.1279554937,0.8720445063,109,18,20,7,473,78,0,1,1,12,407,129,91,0.649122807,32,224,13,69,39,10,0.0,473,26,12,0.9453125,0.95,0.944444444444444,0.295336787564767,0.0019120458891013,0.296728851222159,7,74.44,30.03,0.4,0.06,1,0,0.0546875,0.05,0.055555555555556,0.704663212435233,0.703271148777841,0
Sample_0185,1,0,0.195219123505976,0.211155378486056,0.0717131474103586,0.52191235059761,251,41.6675833232502,1.50943396226415,0.888888888888889,1.66412213740458,1.12244897959184,700,85,0.1082802548,0.8917197452,114,21,10,17,538,63,5,2,1,14,488,104,108,0.6971428571,36,151,22,81,27,23,0.01,538,28,14,0.923913043478261,0.285714285714286,0.936507936507937,0.114503816793893,0.0039682539682539,0.169137466307278,0,53.43,43.2,0.81,0.1,1,0,0.076086956521739,0.714285714285714,0.063492063492063,0.885496183206107,0.830862533692722,1
Sample_0186,1,0,0.258397932816537,0.180878552971576,0.136950904392765,0.423772609819122,387,42.316515688322,1.28571428571429,1.15094339622642,1.50609756097561,1.23,609,123,0.1680327869,0.8319672131,159,14,17,22,397,90,11,1,3,18,361,114,134,0.5927750411,37,224,23,128,32,18,0.14,397,31,18,0.946502057613169,0.565217391304348,0.873015873015873,0.182926829268293,0.0025773195876288,0.213733431516937,5,50.29,40.25,0.8,0.06,1,0,0.053497942386831,0.434782608695652,0.1269841269841269,0.8170731707317069,0.786266568483063,1
Sample_0187,0,1,0.205555555555555,0.444444444444444,0.261111111111111,0.0888888888888889,180,23.0976189249022,1.9125,1.23404255319149,1.25,0.459459459459459,443,132,0.2295652174,0.7704347826,103,18,13,13,296,87,11,3,6,25,273,60,110,0.6162528217,27,255,18,130,11,6,0.2,297,75,25,0.788135593220339,0.469387755102041,0.84,0.875,0.005524861878453,0.348066298342541,6,32.2,74.04,2.3,0.04,0,0,0.211864406779661,0.530612244897959,0.16,0.125,0.651933701657459,1
Sample_0188,0,1,0.244131455399061,0.312206572769953,0.232394366197183,0.211267605633803,426,16.1012421881046,1.78947368421053,1.44444444444444,1.82222222222222,1.08653846153846,743,187,0.2010752688,0.7989247312,190,41,21,24,467,143,13,2,4,25,463,103,177,0.6231493943,33,307,16,100,19,15,0.01,468,51,26,0.919753086419753,0.529411764705882,0.869158878504673,0.933333333333333,0.0023419203747072,0.187529714215281,12,38.16,77.94,2.04,0.09,1,1,0.080246913580247,0.470588235294118,0.130841121495327,0.0666666666666669,0.812470285784719,1
Sample_0189,0,0,0.253623188405797,0.329710144927536,0.0833333333333333,0.333333333333333,276,27.9732014613987,1.87912087912088,2.0,1.51086956521739,0.885714285714286,896,180,0.1672862454,0.8327137546,253,20,19,20,584,112,7,4,4,53,531,151,214,0.5926339286,30,212,16,151,27,17,0.9,585,108,60,0.794776119402985,0.333333333333333,0.9,0.369565217391304,0.0036101083032491,0.120442734161146,4,61.34,37.67,0.61,0.03,0,0,0.205223880597015,0.666666666666667,0.0999999999999999,0.630434782608696,0.879557265838854,1
Sample_0190,1,0,0.227036395147314,0.218370883882149,0.0901213171577123,0.464471403812825,577,77.9947914927657,1.73015873015873,1.5,1.79850746268657,1.27480916030534,1152,100,0.07987220447,0.9201277955,316,39,32,30,735,67,11,3,3,16,675,194,283,0.5859375,33,318,24,150,39,18,0.04,738,28,17,0.958188153310105,0.620689655172414,0.858695652173913,0.261194029850746,0.0017301038062283,0.293142747294996,4,66.92,36.13,0.54,0.05,0,0,0.041811846689895,0.3793103448275859,0.141304347826087,0.738805970149254,0.706857252705004,1
Sample_0191,1,0,0.369047619047619,0.206349206349206,0.174603174603175,0.25,252,18.5876302954411,2.40384615384615,0.681818181818182,1.71428571428571,0.89247311827957,523,126,0.1941448382,0.8058551618,101,21,16,18,367,63,16,5,4,38,321,94,108,0.6137667304,31,156,12,43,30,17,0.05,367,55,38,0.924778761061947,0.714285714285714,0.9375,0.206349206349206,0.0039525691699604,0.229857099422317,7,62.48,42.87,0.69,0.06,0,0,0.0752212389380529,0.285714285714286,0.0625,0.7936507936507939,0.770142900577683,1
Sample_0192,0,0,0.218181818181818,0.145454545454545,0.0787878787878788,0.557575757575758,330,60.8173494983134,2.14583333333333,2.03846153846154,1.77717391304348,1.54166666666667,532,93,0.1488,0.8512,100,10,19,9,394,77,3,3,2,8,349,97,86,0.6560150376,28,160,19,75,25,15,0.0,395,20,8,0.892857142857143,0.807017543859649,0.890756302521008,0.576086956521739,0.0030211480362537,0.207703927492447,0,50.84,44.85,0.88,0.07,0,0,0.1071428571428569,0.192982456140351,0.1092436974789919,0.423913043478261,0.792296072507553,1
Sample_0193,1,0,0.279596977329975,0.214105793450882,0.0957178841309824,0.410579345088161,397,45.1573637405905,1.70588235294118,0.868421052631579,1.89570552147239,1.0990990990991,923,103,0.1003898635,0.8996101365,140,21,20,13,729,63,9,3,6,22,665,146,112,0.7204767064,32,243,14,57,39,8,0.33,729,36,22,0.953177257525084,0.75,0.879310344827586,0.282208588957055,0.0025125628140703,0.117351463198345,2,58.55,36.42,0.62,0.03,0,0,0.046822742474916,0.25,0.120689655172414,0.7177914110429451,0.882648536801655,1
Sample_0194,1,0,0.3,0.248,0.104,0.348,250,22.8527897640529,1.53225806451613,1.23076923076923,1.49425287356322,1.2,583,83,0.1246246246,0.8753753754,105,12,15,11,440,56,6,1,3,17,393,104,86,0.6740994854,38,235,24,83,29,16,0.09,440,34,18,0.949404761904762,0.222222222222222,0.954545454545455,0.252873563218391,0.0039840637450199,0.224906824315641,2,56.6,35.18,0.62,0.03,0,0,0.050595238095238,0.777777777777778,0.0454545454545449,0.7471264367816091,0.775093175684359,1
Sample_0195,1,0,0.349295774647887,0.343661971830986,0.233802816901408,0.0732394366197183,355,39.7452827389616,1.70491803278688,1.09638554216868,1.42307692307692,0.782258064516129,1573,189,0.1072644722,0.8927355278,281,53,30,39,1170,109,18,5,9,48,1123,197,253,0.7139224412,30,122,25,73,27,28,0.11,1170,51,48,0.956521739130435,0.815789473684211,0.964285714285714,1.0,0.0028089887640449,0.130779149014552,6,55.87,38.14,0.68,0.07,0,0,0.0434782608695649,0.184210526315789,0.035714285714286,0.0,0.869220850985448,1
Sample_0196,0,1,0.263736263736264,0.543956043956044,0.10989010989011,0.0824175824175824,182,33.3504122913046,2.87878787878788,1.05,0.933333333333333,0.4375,809,114,0.1235102925,0.8764897075,167,14,16,23,589,81,9,1,5,18,557,111,141,0.6885043263,26,156,16,71,16,15,0.1,590,54,18,0.846808510638298,0.25,0.904761904761905,0.733333333333333,0.0054644808743169,0.0703206932715129,6,55.47,45.07,0.81,0.0,0,0,0.153191489361702,0.75,0.095238095238095,0.266666666666667,0.9296793067284872,1
Sample_0197,1,0,0.294277929155313,0.487738419618529,0.130790190735695,0.0871934604904632,367,57.7943552607,1.7877094972067,0.770833333333333,2.0,0.814814814814815,1117,137,0.1092503987,0.8907496013,234,38,27,28,790,92,9,4,4,28,774,132,211,0.6929274843,33,262,18,130,30,14,0.59,791,54,30,0.90188679245283,0.4375,0.78494623655914,0.6875,0.0027173913043478,0.24514209375759,2,46.43,39.08,0.84,0.07,1,0,0.09811320754717,0.5625,0.21505376344086,0.3125,0.75485790624241,1
Sample_0198,1,0,0.259319286871961,0.20097244732577,0.121555915721232,0.418152350081037,617,67.0685283870162,1.70967741935484,1.58666666666667,1.51937984496124,1.3625,935,121,0.1145833333,0.8854166667,122,16,29,13,755,85,7,2,7,20,648,182,105,0.6930481283,28,215,22,139,30,25,0.17,757,30,20,0.91869918699187,0.764705882352941,0.86046511627907,0.267441860465116,0.0016181229773462,0.33011013675749,5,48.96,40.41,0.83,0.05,0,0,0.0813008130081299,0.235294117647059,0.13953488372093,0.732558139534884,0.66988986324251,1
Sample_0199,0,1,0.211538461538462,0.442307692307692,0.201923076923077,0.144230769230769,208,23.7065391822594,1.68478260869565,1.09523809523809,2.36666666666667,1.09090909090909,967,110,0.1021355617,0.8978644383,137,19,20,23,768,79,5,3,2,21,730,115,122,0.7549120993,25,131,19,81,19,14,0.04,768,40,21,0.791208791208791,0.907692307692308,0.955056179775281,0.666666666666667,0.0047846889952153,0.108175577283129,6,51.17,40.85,0.8,0.07,0,0,0.208791208791209,0.0923076923076919,0.0449438202247189,0.333333333333333,0.891824422716871,0
Sample_0200,0,0,0.206521739130435,0.293478260869565,0.206521739130435,0.293478260869565,92,4.0,2.62962962962963,1.31578947368421,1.88888888888889,0.894736842105263,151,111,0.4236641221,0.5763358779,70,15,8,16,42,78,4,2,4,23,51,33,67,0.3377483444,27,164,16,74,8,12,0.14,42,33,23,0.954954954954955,0.615384615384615,0.914893617021277,0.925925925925926,0.010752688172043,0.512943050577459,10,33.4,62.52,1.87,0.09,1,0,0.045045045045045,0.384615384615385,0.0851063829787229,0.0740740740740739,0.4870569494225409,0
Sample_0201,1,0,0.16796875,0.24609375,0.11328125,0.47265625,256,35.0570962859162,1.65079365079365,0.862068965517241,1.88429752066116,1.86046511627907,696,89,0.1133757962,0.8866242038,146,17,11,17,505,61,4,4,2,18,451,117,128,0.6479885057,31,80,23,51,21,26,0.58,505,21,19,0.928571428571429,0.796296296296296,0.901408450704225,0.140495867768595,0.0038910505836575,0.189735037984065,0,54.62,40.68,0.74,0.04,0,0,0.0714285714285709,0.203703703703704,0.0985915492957749,0.859504132231405,0.810264962015935,0
Sample_0202,0,0,0.254838709677419,0.206451612903226,0.306451612903226,0.232258064516129,310,11.4127122105133,1.4375,1.29473684210526,1.0,0.886075949367089,184,69,0.2727272727,0.7272727273,76,16,12,10,70,52,6,1,3,7,65,43,76,0.3532608696,24,269,18,152,15,6,0.03,71,16,8,0.965648854961832,0.735294117647059,0.867647058823529,0.875,0.0032154340836012,0.545116559485531,11,31.94,62.29,1.95,0.04,0,0,0.034351145038168,0.264705882352941,0.132352941176471,0.125,0.454883440514469,0
Sample_0203,0,1,0.184466019417476,0.315533980582524,0.242718446601942,0.257281553398058,206,9.60468635614927,1.29230769230769,1.4,1.45283018867924,1.15789473684211,446,198,0.3074534161,0.6925465839,211,30,20,30,155,168,6,1,1,22,171,77,198,0.3834080717,34,221,20,83,16,17,0.46,155,28,22,0.980519480519481,0.235294117647059,0.666666666666667,0.905660377358491,0.0048309178743961,0.367447045707915,19,40.99,50.26,1.23,0.04,1,0,0.0194805194805189,0.764705882352941,0.333333333333333,0.0943396226415089,0.632552954292085,0
Sample_0204,0,0,0.185430463576159,0.145695364238411,0.188741721854305,0.480132450331126,302,40.4505871403617,1.45454545454546,1.10526315789474,1.71034482758621,1.14285714285714,288,148,0.3394495413,0.6605504587,154,27,22,22,63,121,6,3,2,16,58,71,159,0.2013888889,37,383,18,190,12,19,0.07,64,33,17,0.964285714285714,0.538461538461538,0.892857142857143,0.868965517241379,0.0033003300330033,0.385088508850885,16,37.24,55.16,1.48,0.09,1,1,0.035714285714286,0.461538461538462,0.1071428571428569,0.1310344827586209,0.6149114911491149,0
Sample_0205,0,0,0.302439024390244,0.185365853658537,0.24390243902439,0.268292682926829,205,8.7571399440685,1.60526315789474,1.5,2.63636363636364,0.983870967741936,323,245,0.4313380282,0.5686619718,110,38,19,25,131,163,15,5,5,57,107,68,148,0.3312693498,33,332,14,143,10,5,0.35,136,78,57,0.934579439252336,0.5,0.788461538461538,0.818181818181818,0.0048543689320388,0.523760858456822,9,30.96,72.67,2.35,0.03,1,1,0.065420560747664,0.5,0.211538461538462,0.181818181818182,0.476239141543178,0
Sample_0206,0,0,0.243243243243243,0.243243243243243,0.232432432432432,0.281081081081081,185,3.41869858279434,1.55555555555556,1.11627906976744,1.69230769230769,0.555555555555556,236,85,0.2647975078,0.7352024922,124,26,19,10,57,58,7,0,5,15,59,49,128,0.25,25,277,7,97,9,3,0.03,57,20,15,0.984472049689441,0.772727272727273,0.827272727272727,0.923076923076923,0.0053763440860215,0.530465949820789,9,33.58,53.65,1.6,0.05,1,1,0.0155279503105589,0.2272727272727269,0.1727272727272729,0.0769230769230769,0.469534050179211,0
Sample_0207,1,0,0.225563909774436,0.266917293233083,0.12781954887218,0.379699248120301,266,24.0260275534679,2.32394366197183,1.58823529411765,1.42574257425743,1.63333333333333,530,74,0.1225165563,0.8774834437,121,14,11,14,370,50,7,2,1,14,329,108,93,0.620754717,34,134,25,70,24,19,0.26,371,16,14,0.978494623655914,0.777777777777778,0.909090909090909,0.425742574257426,0.0037453183520599,0.224508097272775,3,47.51,41.63,0.88,0.03,1,0,0.021505376344086,0.222222222222222,0.090909090909091,0.574257425742574,0.775491902727225,0
Sample_0208,0,0,0.288461538461538,0.326923076923077,0.237179487179487,0.147435897435897,156,10.4880884817015,1.33333333333333,1.67567567567568,1.39130434782609,0.8,242,148,0.3794871795,0.6205128205,117,17,24,16,68,123,7,3,4,11,68,64,110,0.2809917355,21,234,13,100,10,13,0.16,69,34,12,0.90295358649789,0.53125,0.813333333333333,0.521739130434783,0.0063694267515923,0.506556762832521,16,139.5,36.55,0.26,0.05,0,0,0.0970464135021099,0.46875,0.1866666666666669,0.4782608695652169,0.4934432371674789,0
Sample_0209,0,0,0.0837988826815642,0.29608938547486,0.318435754189944,0.301675977653631,179,17.2391270080593,2.24528301886793,2.28070175438596,1.98148148148148,0.933333333333333,4953,20517,0.8055359246,0.1944640754,4557,203,43,38,112,18378,1828,146,101,64,153,277,4523,0.03089036947,23,168,10,42,16,2,4.75,113,75,65,0.952586206896552,0.388888888888889,0.837209302325581,0.888888888888889,0.0055555555555555,0.506603773584906,10,78.89,57.04,0.72,0.03,1,1,0.0474137931034479,0.6111111111111109,0.162790697674419,0.111111111111111,0.4933962264150939,0
Sample_0210,0,1,0.148148148148148,0.414814814814815,0.325925925925926,0.111111111111111,135,16.8874953737966,1.625,1.43181818181818,0.8,0.85,397,106,0.2107355865,0.7892644135,140,20,15,27,195,68,10,2,2,24,173,82,142,0.435768262,27,114,16,66,9,8,0.12,196,45,25,0.829268292682927,0.65,0.789473684210526,0.533333333333333,0.0073529411764705,0.265887605042017,8,43.34,48.1,1.11,0.05,1,0,0.170731707317073,0.35,0.210526315789474,0.466666666666667,0.7341123949579831,0
Sample_0211,0,0,0.161504424778761,0.0553097345132743,0.0884955752212389,0.694690265486726,452,117.339251744674,2.16,3.65,2.11783439490446,1.19178082191781,209,124,0.3723723724,0.6276276276,98,22,18,13,58,83,7,5,2,27,57,57,95,0.2727272727,24,439,20,140,8,12,0.06,58,27,27,1.0,0.855263157894737,0.975308641975309,0.987261146496815,0.0022075055187638,0.399116997792494,2,33.23,71.85,2.16,0.01,1,0,0.0,0.144736842105263,0.024691358024691,0.012738853503185,0.600883002207506,0
Sample_0212,0,0,0.145654834761322,0.0881272949816402,0.127294981640147,0.638922888616891,817,184.236770217023,0.972222222222222,1.66346153846154,1.97509578544061,1.33613445378151,383,133,0.257751938,0.742248062,198,33,21,15,116,94,8,4,3,24,112,91,180,0.2924281984,28,708,16,275,11,5,0.25,117,123,26,0.895789473684211,0.571428571428571,0.885245901639344,0.96551724137931,0.0012224938875305,0.679723580548764,19,42.01,46.62,1.11,0.04,0,0,0.1042105263157889,0.428571428571429,0.1147540983606559,0.0344827586206899,0.3202764194512359,1
Sample_0213,1,0,0.21160409556314,0.238907849829352,0.133105802047782,0.416382252559727,293,30.3593066455741,2.01428571428571,1.71794871794872,1.4344262295082,1.30645161290323,535,96,0.1521394612,0.8478605388,196,12,13,13,301,73,6,1,0,16,287,92,156,0.5364485981,25,176,14,57,21,18,0.0,301,30,17,0.947565543071161,0.2,0.976744186046512,0.688524590163934,0.0034013605442176,0.327453838678328,11,58.88,34.14,0.58,0.04,0,0,0.0524344569288389,0.8,0.0232558139534879,0.311475409836066,0.672546161321672,1
Sample_0214,1,0,0.179856115107914,0.557553956834532,0.169064748201439,0.0935251798561151,278,50.2220071283496,1.33548387096774,0.851063829787234,1.03846153846154,0.64,1043,141,0.1190878378,0.8809121622,224,44,28,19,728,100,11,3,2,25,691,148,204,0.6625119847,35,190,18,98,18,20,0.42,728,37,27,0.944444444444444,0.318181818181818,0.923076923076923,0.807692307692308,0.003584229390681,0.16714070990866,9,51.79,38.6,0.75,0.12,0,0,0.055555555555556,0.681818181818182,0.0769230769230769,0.1923076923076919,0.83285929009134,1
Sample_0215,0,0,0.274052478134111,0.481049562682216,0.151603498542274,0.0932944606413994,343,50.9331669936202,1.71515151515152,0.942307692307692,1.46875,0.574468085106383,1088,187,0.1466666667,0.8533333333,414,75,50,52,497,153,10,3,2,19,508,197,383,0.4669117647,36,364,12,134,21,14,0.63,497,51,21,0.919799498746867,0.631578947368421,0.693877551020408,0.6875,0.002906976744186,0.223590556730092,13,50.54,37.62,0.74,0.0,0,0,0.080200501253133,0.368421052631579,0.3061224489795919,0.3125,0.776409443269908,1
Sample_0216,0,1,0.140186915887851,0.224299065420561,0.355140186915888,0.280373831775701,107,8.40758586040012,2.20833333333333,1.52631578947368,1.23333333333333,0.8,235,95,0.2878787879,0.7121212121,73,19,12,11,120,77,1,2,4,11,113,39,83,0.4808510638,31,143,20,79,8,17,0.18,123,25,11,0.909090909090909,0.235294117647059,0.864406779661017,0.833333333333333,0.0092592592592592,0.577932098765432,2,24.47,72.38,2.96,0.12,0,0,0.090909090909091,0.764705882352941,0.135593220338983,0.1666666666666669,0.422067901234568,1
Sample_0217,0,1,0.207547169811321,0.570754716981132,0.165094339622642,0.0566037735849057,212,40.9572948325448,1.41322314049587,0.6,3.75,0.477272727272727,1102,193,0.149034749,0.850965251,199,29,20,23,831,145,17,3,2,26,794,132,176,0.720508167,26,57,19,44,12,11,0.22,831,27,26,0.947368421052632,0.63013698630137,0.839285714285714,0.583333333333333,0.0046948356807511,0.106933612695456,0,68.51,35.21,0.51,0.32,0,0,0.052631578947368,0.3698630136986299,0.160714285714286,0.4166666666666669,0.893066387304544,1
Sample_0218,0,0,0.286713286713287,0.265734265734266,0.328671328671329,0.118881118881119,143,11.2998893799895,0.763157894736842,0.914893617021277,1.52941176470588,0.780487804878049,319,112,0.2598607889,0.7401392111,147,26,11,14,121,85,5,4,4,14,120,69,130,0.3761755486,29,201,20,135,10,14,1.08,125,29,15,0.912790697674419,0.416666666666667,0.898550724637681,0.941176470588235,0.0069444444444444,0.41812865497076,14,41.83,55.13,1.32,0.34,0,0,0.087209302325581,0.583333333333333,0.1014492753623189,0.058823529411765,0.58187134502924,1
Sample_0219,0,1,0.186274509803922,0.553921568627451,0.21078431372549,0.0490196078431372,204,37.9407432715808,1.48672566371681,2.74418604651163,4.1,0.789473684210526,687,202,0.2272215973,0.7727784027,361,90,36,29,171,172,7,5,4,14,186,149,352,0.2707423581,31,242,13,97,13,12,0.85,171,39,15,0.904942965779468,0.5,0.785714285714286,0.6,0.0048780487804878,0.264191668465357,10,41.89,51.39,1.23,0.39,0,0,0.095057034220532,0.5,0.2142857142857139,0.4,0.735808331534643,1
Sample_0220,1,0,0.373376623376623,0.0698051948051948,0.0698051948051948,0.487012987012987,616,113.725546822163,1.23255813953488,0.930232558139535,1.4,0.808695652173913,550,96,0.1486068111,0.8513931889,76,17,12,15,430,72,1,3,4,16,384,91,75,0.6981818182,31,115,24,75,24,21,0.67,431,33,17,0.711864406779661,0.735294117647059,0.840909090909091,0.07,0.0016207455429497,0.162526855376729,1,60.21,47.4,0.79,0.43,0,0,0.288135593220339,0.264705882352941,0.1590909090909089,0.93,0.837473144623271,1
Sample_0221,1,0,0.328205128205128,0.2,0.0717948717948718,0.4,195,24.4476481486461,1.28205128205128,0.571428571428571,2.02564102564103,0.703125,440,108,0.197080292,0.802919708,91,16,15,10,308,76,8,0,3,21,288,62,90,0.6545454545,26,143,15,45,25,10,0.09,308,39,21,0.871428571428571,0.733333333333333,0.925925925925926,0.730769230769231,0.0051020408163265,0.255102040816326,1,52.49,44.69,0.85,0.13,0,0,0.128571428571429,0.266666666666667,0.0740740740740739,0.269230769230769,0.744897959183674,1
Sample_0222,1,1,0.240837696335079,0.518324607329843,0.164921465968586,0.0759162303664921,382,63.2396236547942,2.31313131313131,2.07936507936508,1.58620689655172,0.945652173913044,1524,205,0.1185656449,0.8814343551,286,88,28,42,1080,151,12,3,5,34,1046,193,285,0.686351706,32,185,24,127,23,19,1.18,1080,49,34,0.835164835164835,0.669724770642202,0.875968992248062,0.827586206896552,0.0026109660574412,0.120895640477886,3,56.11,38.18,0.68,0.1,0,0,0.164835164835165,0.3302752293577979,0.1240310077519379,0.1724137931034479,0.879104359522114,1
Sample_0223,0,0,0.324137931034483,0.213793103448276,0.0758620689655172,0.386206896551724,145,17.1081121109256,1.51612903225806,1.09090909090909,1.30357142857143,0.425531914893617,206,226,0.5231481481,0.4768518519,103,58,11,3,31,194,9,2,6,15,28,39,139,0.1359223301,6,175,2,37,8,5,0.07,32,28,15,0.915584415584416,0.68,0.95364238410596,0.803571428571429,0.0068493150684931,0.512593901900133,0,35.37,97.65,2.76,0.2,0,0,0.084415584415584,0.3199999999999999,0.0463576158940399,0.1964285714285709,0.487406098099867,0
Sample_0224,1,0,0.293948126801153,0.109510086455331,0.0979827089337176,0.498559077809798,347,56.6364502771846,1.21052631578947,1.14705882352941,1.36994219653179,0.901960784313726,627,89,0.124301676,0.875698324,91,32,13,14,477,60,7,5,0,17,419,104,104,0.668261563,33,94,24,51,30,16,0.24,477,29,17,0.806451612903226,0.838709677419355,0.853333333333333,0.0867052023121387,0.0028735632183908,0.341122202056866,1,51.69,43.8,0.85,0.21,0,0,0.193548387096774,0.161290322580645,0.1466666666666669,0.9132947976878611,0.658877797943134,1
Sample_0225,0,0,0.149390243902439,0.445121951219512,0.301829268292683,0.103658536585366,328,44.0964851206987,1.86986301369863,1.51515151515151,1.11764705882353,0.591836734693878,526,166,0.2398843931,0.7601156069,251,88,42,31,114,142,9,0,3,12,123,119,284,0.2338403042,30,244,14,115,11,6,0.83,115,41,12,0.890151515151515,0.444444444444444,0.696428571428571,0.852941176470588,0.0030395136778115,0.3482533205646,9,32.82,68.47,2.09,0.22,0,0,0.1098484848484849,0.555555555555556,0.303571428571429,0.147058823529412,0.6517466794354,1
Sample_0226,0,0,0.0927835051546392,0.237113402061856,0.293814432989691,0.376288659793814,194,20.0561711201316,0.847826086956522,1.05263157894737,1.53424657534247,0.666666666666667,313,204,0.3945841393,0.6054158607,144,67,14,17,71,176,10,0,3,15,74,68,171,0.2364217252,25,242,13,113,4,6,0.44,75,53,16,0.866197183098592,0.178571428571429,0.709090909090909,0.958904109589041,0.0051282051282051,0.670457079152731,1,35.09,63.5,1.81,0.11,1,1,0.133802816901408,0.821428571428571,0.290909090909091,0.0410958904109589,0.329542920847269,1
Sample_0227,0,1,0.337620578778135,0.401929260450161,0.115755627009646,0.144694533762058,311,38.0484888004767,2.12,1.0,1.42222222222222,0.771428571428571,1229,278,0.1844724618,0.8155275382,293,98,36,41,761,222,16,5,7,28,737,161,331,0.5996745321,30,138,24,98,23,17,0.64,763,33,29,0.901960784313726,0.537190082644628,0.897959183673469,0.6,0.0032051282051282,0.127589743589744,0,68.59,34.36,0.5,0.1,0,0,0.098039215686274,0.462809917355372,0.1020408163265309,0.4,0.872410256410256,1
Sample_0228,0,0,0.21656050955414,0.273885350318471,0.229299363057325,0.280254777070064,157,4.32290411644765,1.65116279069767,1.88888888888889,2.43181818181818,0.794117647058823,266,234,0.468,0.532,124,75,12,15,40,207,14,2,1,10,49,43,174,0.1842105263,18,116,15,66,6,2,0.35,40,12,10,0.967213114754098,0.857142857142857,0.924050632911392,0.931818181818182,0.0063291139240506,0.577715631439505,9,38.16,63.87,1.67,0.09,0,0,0.032786885245902,0.142857142857143,0.075949367088608,0.068181818181818,0.422284368560495,1
Sample_0229,0,0,0.4375,0.25,0.21875,0.09375,32,3.93700393700591,1.125,1.85714285714286,0.666666666666667,0.857142857142857,186,180,0.4918032787,0.5081967213,77,65,6,8,30,161,7,1,3,8,22,42,122,0.1182795699,8,22,5,10,5,4,0.01,30,11,8,0.823529411764706,0.666666666666667,0.885714285714286,1.0,0.0303030303030303,0.363636363636364,0,47.81,79.32,1.66,0.02,0,0,0.176470588235294,0.333333333333333,0.1142857142857139,0.0,0.636363636363636,1
Sample_0230,0,0,0.253393665158371,0.230769230769231,0.1289592760181,0.386877828054299,442,40.6109591120426,1.64705882352941,1.24561403508772,1.26315789473684,0.991071428571429,404,284,0.4127906977,0.5872093023,168,78,30,23,105,239,19,4,4,18,96,93,215,0.2376237624,25,395,15,225,7,10,0.92,106,35,18,0.953168044077135,0.551724137931034,0.884615384615385,0.83625730994152,0.0022573363431151,0.342362678705794,8,43.36,49.41,1.14,0.01,0,0,0.046831955922865,0.4482758620689659,0.1153846153846149,0.1637426900584799,0.6576373212942059,1
Sample_0231,0,0,0.25,0.256578947368421,0.190789473684211,0.302631578947368,152,6.04152298679729,1.35897435897436,1.48275862068966,1.56521739130435,1.0,374,253,0.4035087719,0.5964912281,159,69,19,18,109,215,10,3,4,21,116,71,187,0.3101604278,28,124,23,75,12,9,1.17,110,22,21,0.984615384615385,0.71830985915493,0.898876404494382,0.934782608695652,0.0065359477124183,0.152840623428859,9,45.78,53.2,1.16,0.0,0,0,0.0153846153846149,0.28169014084507,0.101123595505618,0.065217391304348,0.8471593765711409,1
Sample_0232,0,1,0.382271468144044,0.415512465373961,0.157894736842105,0.0443213296398892,361,55.8317785853182,1.66666666666667,1.7719298245614,1.0625,0.826086956521739,1591,158,0.09033733562,0.9096626644,305,44,24,27,1191,104,13,0,6,35,1150,183,258,0.7228158391,30,118,20,54,33,11,0.91,1192,44,35,0.938775510204082,0.5,0.825,0.5625,0.0027624309392265,0.172854511970534,10,61.38,32.79,0.53,0.0,0,0,0.0612244897959179,0.5,0.175,0.4375,0.827145488029466,1
Sample_0233,1,0,0.171428571428572,0.187755102040816,0.0925170068027211,0.548299319727891,735,129.322030219139,1.51449275362319,1.38235294117647,1.53846153846154,1.42857142857143,1045,224,0.1765169425,0.8234830575,239,65,22,21,698,197,8,3,5,11,642,147,256,0.614354067,38,433,15,136,36,13,0.15,698,66,11,0.902826855123675,0.428571428571428,0.307692307692308,0.399503722084367,0.0013586956521739,0.332880434782609,4,71.79,29.6,0.41,0.0,0,0,0.097173144876325,0.5714285714285721,0.6923076923076921,0.600496277915633,0.667119565217391,1
Sample_0234,1,1,0.269541778975741,0.199460916442048,0.123989218328841,0.407008086253369,742,77.3482385061224,1.56081081081081,1.35869565217391,1.64900662251656,1.215,1541,187,0.1082175926,0.8917824074,282,74,20,22,1143,145,8,5,2,27,996,263,282,0.6463335496,38,430,20,184,28,13,0.53,1143,51,27,0.939240506329114,0.666666666666667,0.771186440677966,0.228476821192053,0.0013458950201884,0.303644829216835,8,54.88,34.2,0.62,0.02,0,0,0.0607594936708859,0.333333333333333,0.2288135593220339,0.771523178807947,0.696355170783165,1
Sample_0235,0,0,0.252873563218391,0.298850574712644,0.379310344827586,0.0689655172413793,87,9.90896059130321,1.07692307692308,0.848484848484849,5.33333333333333,0.681818181818182,400,124,0.2366412214,0.7633587786,169,37,17,10,167,99,8,3,1,13,183,56,161,0.4575,23,92,18,57,10,11,0.37,167,21,13,0.846153846153846,0.678571428571429,0.830508474576271,0.833333333333333,0.0113636363636364,0.266171328671329,16,39.78,46.43,1.17,0.02,0,0,0.1538461538461539,0.3214285714285709,0.169491525423729,0.1666666666666669,0.733828671328671,1
Sample_0236,0,0,0.103666245259166,0.0733249051833123,0.111251580278129,0.711757269279393,791,211.175726588072,1.32758620689655,1.36363636363636,1.68738898756661,1.68292682926829,442,225,0.3373313343,0.6626686657,238,89,18,22,75,195,7,3,4,16,91,86,265,0.2058823529,28,549,17,207,10,8,0.6,75,61,18,0.929245283018868,0.608695652173913,0.912621359223301,0.960923623445826,0.0012626262626262,0.6543451758969,8,44.1,49.05,1.11,0.13,0,0,0.070754716981132,0.391304347826087,0.0873786407766989,0.0390763765541739,0.3456548241031,1
Sample_0237,0,0,0.294820717131474,0.274900398406374,0.227091633466136,0.203187250996016,251,9.17537465175128,1.6231884057971,0.824561403508772,2.45098039215686,0.716216216216216,528,340,0.3917050691,0.6082949309,206,101,42,25,154,291,12,5,5,27,143,124,261,0.2708333333,28,299,14,93,10,6,0.81,154,45,27,0.941176470588235,0.538461538461538,0.893333333333333,0.784313725490196,0.0039682539682539,0.635150678628939,13,41.91,49.03,1.17,0.06,1,0,0.058823529411765,0.461538461538462,0.106666666666667,0.215686274509804,0.3648493213710609,1
Sample_0238,0,0,0.094017094017094,0.341880341880342,0.153846153846154,0.41025641025641,117,15.2212844398888,1.55,2.77777777777778,1.4375,0.727272727272727,404,265,0.3961136024,0.6038863976,168,26,21,22,167,221,13,4,9,18,181,62,161,0.448019802,28,183,23,124,3,17,1.02,169,42,19,0.837837837837838,0.372093023255814,0.846153846153846,0.875,0.0084745762711864,0.272669491525424,7,41.91,47.57,1.14,0.05,0,0,0.1621621621621619,0.627906976744186,0.1538461538461539,0.125,0.727330508474576,1
Sample_0239,0,0,0.125,0.179166666666667,0.3125,0.383333333333333,240,24.688053791257,1.74418604651163,0.893333333333333,1.3695652173913,1.3,330,225,0.4054054054,0.5945945946,128,34,13,25,130,184,11,3,5,22,120,67,143,0.3636363636,25,267,10,78,9,9,0.57,131,41,22,0.932142857142857,0.645161290322581,0.865979381443299,0.923913043478261,0.004149377593361,0.625301553604169,23,37.48,70.57,1.88,0.1,1,0,0.0678571428571429,0.354838709677419,0.134020618556701,0.076086956521739,0.374698446395831,1
Sample_0240,0,0,0.262803234501348,0.175202156334232,0.117250673854447,0.444743935309973,742,91.859947746556,1.41538461538462,1.33333333333333,1.5,1.22564102564103,1470,226,0.133254717,0.866745283,309,85,30,23,1023,197,7,3,2,17,918,231,321,0.6244897959,39,330,17,136,31,18,1.03,1024,37,18,0.943019943019943,0.571428571428571,0.913461538461538,0.345454545454546,0.0013458950201884,0.222776684957035,5,57.86,37.61,0.65,0.1,0,0,0.056980056980057,0.428571428571429,0.086538461538462,0.654545454545454,0.777223315042965,1
Sample_0241,0,0,0.432234432234432,0.194139194139194,0.238095238095238,0.135531135531135,273,30.3922276248386,1.18867924528302,2.70769230769231,0.783783783783784,0.542372881355932,484,238,0.3296398892,0.6703601108,230,51,23,37,143,207,10,1,6,14,157,93,234,0.3243801653,27,294,9,109,14,9,0.6,144,45,17,0.895973154362416,0.5,0.888888888888889,0.837837837837838,0.0036496350364963,0.676766285635587,24,27.27,80.02,2.93,0.16,0,0,0.104026845637584,0.5,0.111111111111111,0.1621621621621619,0.3232337143644129,1
Sample_0242,1,0,0.0490196078431372,0.245098039215686,0.372549019607843,0.333333333333333,102,12.737739202857,1.08,0.921052631578947,1.55882352941176,1.8,265,217,0.4502074689,0.5497925311,118,85,20,12,30,193,11,2,2,9,47,41,177,0.1773584906,38,291,15,141,7,15,0.15,33,48,10,0.896,0.153846153846154,0.416666666666667,0.882352941176471,0.0097087378640776,0.673398058252427,9,31.15,73.68,2.37,0.06,0,0,0.1039999999999999,0.846153846153846,0.583333333333333,0.117647058823529,0.3266019417475729,1
Sample_0243,0,0,0.227848101265823,0.186708860759494,0.0854430379746835,0.5,316,48.4613247858537,1.8135593220339,2.37037037037037,1.72151898734177,1.41666666666667,850,163,0.1609081935,0.8390918065,149,85,3,19,594,133,6,2,4,18,525,121,204,0.6176470588,35,212,22,118,28,25,1.16,594,42,18,0.893805309734513,0.5,0.866666666666667,0.10126582278481,0.0031545741324921,0.236539592578731,4,42.92,45.08,1.05,0.0,1,0,0.106194690265487,0.5,0.1333333333333329,0.89873417721519,0.763460407421269,1
Sample_0244,1,0,0.2625,0.575,0.116666666666667,0.0458333333333333,240,48.7801189010441,2.33333333333333,1.28571428571429,2.36363636363636,1.11111111111111,1180,316,0.2112299465,0.7887700535,296,48,28,27,781,216,22,5,3,70,746,152,282,0.6322033898,24,96,17,64,28,15,0.48,781,79,70,0.8,0.7,0.9,0.727272727272727,0.004149377593361,0.108244632870287,1,54.08,46.71,0.86,0.02,0,0,0.1999999999999999,0.3,0.0999999999999999,0.272727272727273,0.891755367129713,1
Sample_0245,1,0,0.269662921348315,0.286516853932584,0.106741573033708,0.337078651685393,356,30.7408522978788,1.62745098039216,1.60526315789474,1.29166666666667,1.22916666666667,839,186,0.1814634146,0.8185365854,138,24,9,14,654,143,9,0,2,32,579,142,118,0.6901072706,36,191,19,113,32,21,0.43,656,46,32,0.934579439252336,0.346153846153846,0.857142857142857,0.158333333333333,0.0028011204481792,0.195529192068984,8,50.28,40.84,0.81,0.03,0,0,0.065420560747664,0.653846153846154,0.142857142857143,0.841666666666667,0.804470807931016,1
Sample_0246,1,0,0.233333333333333,0.223333333333333,0.176666666666667,0.366666666666666,300,21.2014150471142,1.47761194029851,2.09433962264151,1.53636363636364,1.34285714285714,626,218,0.2582938389,0.7417061611,208,73,15,17,313,184,9,2,3,20,290,114,222,0.4632587859,29,228,11,76,20,11,0.33,314,50,20,0.892857142857143,0.266666666666667,0.863636363636364,0.354545454545455,0.0033222591362126,0.416522040958001,6,58.43,41.51,0.71,0.04,0,0,0.1071428571428569,0.733333333333333,0.136363636363636,0.6454545454545451,0.583477959041999,1
Sample_0247,0,0,0.0913978494623656,0.532258064516129,0.241935483870968,0.134408602150538,186,31.9804627858948,1.14141414141414,1.04444444444444,0.92,0.823529411764706,655,339,0.3410462777,0.6589537223,287,134,41,36,157,291,18,5,8,17,144,152,359,0.2198473282,34,294,14,86,12,5,0.64,160,53,20,0.897435897435897,0.333333333333333,0.806451612903226,0.88,0.0053475935828877,0.391832766164317,5,39.03,54.1,1.39,0.0,0,0,0.1025641025641029,0.666666666666667,0.193548387096774,0.12,0.6081672338356829,1
Sample_0248,1,0,0.212543554006969,0.543554006968641,0.191637630662021,0.0522648083623693,287,51.7560382950627,1.60897435897436,1.87272727272727,0.266666666666667,0.786885245901639,855,145,0.145,0.855,176,30,29,26,594,101,8,5,2,29,567,114,174,0.6631578947,29,84,23,64,16,16,0.34,594,34,29,0.84375,0.541176470588235,0.918918918918919,0.733333333333333,0.0034722222222222,0.0958199786324786,0,55.53,38.19,0.69,0.0,0,0,0.15625,0.4588235294117649,0.081081081081081,0.266666666666667,0.9041800213675214,1
Sample_0249,0,0,0.376,0.256,0.226666666666667,0.141333333333333,375,31.5228092022269,1.42708333333333,1.50588235294118,1.62264150943396,0.645390070921986,606,257,0.2977983778,0.7022016222,262,127,43,20,154,225,11,4,2,15,162,147,297,0.2673267327,30,387,13,93,10,12,0.75,154,31,15,0.962441314553991,0.5,0.869565217391304,0.924528301886792,0.0026595744680851,0.633726728723404,24,43.97,59.96,1.36,0.3,0,0,0.037558685446009,0.5,0.130434782608696,0.0754716981132079,0.366273271276596,1
Sample_0250,0,0,0.0943396226415094,0.415094339622641,0.150943396226415,0.339622641509434,159,20.9329286054293,1.37878787878788,1.08333333333333,0.907407407407407,0.8,84,80,0.487804878,0.512195122,47,5,4,5,23,64,4,3,2,7,19,23,42,0.2261904762,27,149,22,126,4,13,0.03,24,17,7,0.91304347826087,0.469387755102041,0.927536231884058,0.722222222222222,0.00625,0.526988636363636,4,33.94,64.23,1.89,0.26,0,0,0.08695652173913,0.530612244897959,0.072463768115942,0.277777777777778,0.473011363636364,1
Sample_0251,1,1,0.253561253561254,0.264957264957265,0.205128205128205,0.276353276353276,351,9.52299847737046,1.96774193548387,2.05555555555556,1.11340206185567,0.573033707865168,538,155,0.2236652237,0.7763347763,133,24,5,8,368,119,9,5,2,20,353,67,118,0.656133829,26,142,15,57,24,15,0.17,368,24,20,0.963963963963964,0.631578947368421,0.920792079207921,0.835051546391753,0.002840909090909,0.182276392961877,3,49.79,53.19,1.07,0.07,0,0,0.036036036036036,0.368421052631579,0.0792079207920789,0.1649484536082469,0.817723607038123,1
Sample_0252,0,0,0.433962264150943,0.199460916442048,0.247978436657682,0.118598382749326,371,42.9731020523304,1.10810810810811,0.989130434782609,1.43181818181818,0.590062111801242,314,169,0.3498964803,0.6501035197,106,30,22,10,146,126,11,3,2,27,152,73,89,0.4840764331,23,245,10,68,6,8,0.4,146,41,28,0.945945945945946,0.842105263157895,0.970588235294118,0.681818181818182,0.0026881720430107,0.566041848299913,20,32.6,77.33,2.37,0.0,0,0,0.0540540540540539,0.1578947368421049,0.029411764705882,0.318181818181818,0.433958151700087,1
Sample_0253,1,1,0.209219858156028,0.216312056737589,0.0531914893617021,0.521276595744681,282,47.8408820988911,1.14754098360656,1.33333333333333,1.80272108843537,1.06779661016949,624,128,0.170212766,0.829787234,119,16,9,8,472,95,3,1,7,22,423,91,110,0.6778846154,30,140,24,87,23,19,0.39,473,38,25,0.807228915662651,0.753424657534247,0.888888888888889,0.421768707482993,0.0035335689045936,0.114348606847014,0,54.46,41.34,0.76,0.05,0,0,0.192771084337349,0.2465753424657529,0.111111111111111,0.578231292517007,0.885651393152986,1
Sample_0254,0,1,0.138957816377171,0.0967741935483871,0.0818858560794045,0.682382133995037,403,100.956364336281,1.64102564102564,1.06060606060606,1.90909090909091,0.553571428571429,334,149,0.3084886128,0.6915113872,104,22,11,10,187,119,4,4,2,20,195,42,97,0.5838323353,25,453,16,125,14,13,0.35,187,45,22,0.961240310077519,0.333333333333333,0.903225806451613,0.989090909090909,0.0024752475247524,0.562706270627063,10,42.2,61.66,1.46,0.0,1,0,0.038759689922481,0.666666666666667,0.096774193548387,0.0109090909090909,0.437293729372937,1
Sample_0255,0,0,0.592592592592593,0.166666666666667,0.166666666666667,0.0740740740740741,54,10.8742815854658,0.666666666666667,1.55555555555556,2.25,2.25,57,43,0.43,0.57,38,5,3,2,9,39,1,0,0,3,9,16,32,0.1578947368,13,145,6,62,1,1,0.0,9,32,3,0.775193798449612,0.542857142857143,0.950704225352113,0.25,0.0181818181818182,0.109090909090909,0,21.13,95.74,4.53,0.0,0,0,0.224806201550388,0.4571428571428569,0.049295774647887,0.75,0.890909090909091,1
